label_name,bbox_x,bbox_y,bbox_width,bbox_height,image_name,image_width,image_height
 climate control,734,393,174,95,0039db336f5a79.jpg,908,681
music system,754,321,154,74,0039db336f5a79.jpg,908,681
air blower,745,213,163,108,0039db336f5a79.jpg,908,681
air blower,73,199,126,89,0039db336f5a79.jpg,908,681
display,760,93,148,117,0039db336f5a79.jpg,908,681
light controller,87,307,76,86,0039db336f5a79.jpg,908,681
 steering buttons,210,304,111,103,0039db336f5a79.jpg,908,681
 steering buttons,568,305,139,107,0039db336f5a79.jpg,908,681
light controller,57,317,130,63,026b76d7b305df.jpg,908,681
air blower,82,238,126,84,026b76d7b305df.jpg,908,681
air blower,733,316,175,82,026b76d7b305df.jpg,908,681
 steering buttons,569,266,108,100,026b76d7b305df.jpg,908,681
 steering buttons,229,271,108,95,026b76d7b305df.jpg,908,681
display,750,205,158,107,026b76d7b305df.jpg,908,681
music system,759,500,149,75,026b76d7b305df.jpg,908,681
 climate control,777,580,131,98,026b76d7b305df.jpg,908,681
air blower,322,583,165,188,04cd060668549d.jpg,2000,1500
air blower,1486,443,514,183,04cd060668549d.jpg,2000,1500
display,1486,228,514,218,04cd060668549d.jpg,2000,1500
 steering buttons,1201,689,233,178,04cd060668549d.jpg,2000,1500
 steering buttons,560,669,258,175,04cd060668549d.jpg,2000,1500
music system,1546,626,454,130,04cd060668549d.jpg,2000,1500
 climate control,1501,739,499,163,04cd060668549d.jpg,2000,1500
gear lever,1742,1162,258,338,04cd060668549d.jpg,2000,1500
 steering buttons,226,208,102,108,05ddea913bb475.jpg,908,681
 steering buttons,592,231,94,89,05ddea913bb475.jpg,908,681
display,723,166,185,102,05ddea913bb475.jpg,908,681
air blower,773,268,135,70,05ddea913bb475.jpg,908,681
air blower,128,249,39,67,05ddea913bb475.jpg,908,681
 climate control,748,341,160,84,05ddea913bb475.jpg,908,681
music system,740,416,168,72,05ddea913bb475.jpg,908,681
light controller,202,331,57,58,05ddea913bb475.jpg,908,681
 steering buttons,162,159,73,59,06390e36e32926.jpg,908,681
display,353,50,202,70,06390e36e32926.jpg,908,681
air blower,326,119,254,85,06390e36e32926.jpg,908,681
 climate control,345,227,221,68,06390e36e32926.jpg,908,681
music system,353,294,196,69,06390e36e32926.jpg,908,681
gear lever,420,408,90,163,06390e36e32926.jpg,908,681
drive switching,450,606,77,60,06390e36e32926.jpg,908,681
gear lever,394,409,119,166,06a7544ffbdbbb.jpg,908,681
music system,319,344,241,73,06a7544ffbdbbb.jpg,908,681
 climate control,301,247,284,73,06a7544ffbdbbb.jpg,908,681
air blower,268,161,339,77,06a7544ffbdbbb.jpg,908,681
display,331,69,265,108,06a7544ffbdbbb.jpg,908,681
 steering buttons,140,268,99,80,06a7544ffbdbbb.jpg,908,681
drive switching,183,532,98,84,082008ac44d61b.jpg,908,681
gear lever,343,385,108,161,082008ac44d61b.jpg,908,681
display,474,42,207,119,082008ac44d61b.jpg,908,681
air blower,395,141,247,84,082008ac44d61b.jpg,908,681
 climate control,387,199,205,105,082008ac44d61b.jpg,908,681
music system,378,302,193,98,082008ac44d61b.jpg,908,681
display,344,142,214,91,08557f285356b2.jpg,908,681
air blower,309,230,291,68,08557f285356b2.jpg,908,681
air blower,837,185,71,58,08557f285356b2.jpg,908,681
 steering buttons,126,224,73,69,08557f285356b2.jpg,908,681
music system,308,296,285,61,08557f285356b2.jpg,908,681
 climate control,303,351,280,65,08557f285356b2.jpg,908,681
gear lever,345,425,138,163,08557f285356b2.jpg,908,681
drive switching,484,505,125,105,08557f285356b2.jpg,908,681
music system,754,343,154,86,0a0e0530e626da.jpg,908,681
 climate control,782,425,126,85,0a0e0530e626da.jpg,908,681
air blower,749,234,159,92,0a0e0530e626da.jpg,908,681
air blower,0,161,186,95,0a0e0530e626da.jpg,908,681
light controller,0,266,164,68,0a0e0530e626da.jpg,908,681
display,754,116,154,128,0a0e0530e626da.jpg,908,681
 steering buttons,592,261,109,111,0a0e0530e626da.jpg,908,681
 steering buttons,213,260,111,100,0a0e0530e626da.jpg,908,681
 steering buttons,218,267,102,95,0a8b058229fb96.jpg,908,681
 steering buttons,599,265,88,92,0a8b058229fb96.jpg,908,681
display,704,125,204,147,0a8b058229fb96.jpg,908,681
light controller,60,347,103,83,0a8b058229fb96.jpg,908,681
air blower,745,261,163,93,0a8b058229fb96.jpg,908,681
air blower,39,258,146,85,0a8b058229fb96.jpg,908,681
 climate control,750,355,158,83,0a8b058229fb96.jpg,908,681
music system,737,433,171,59,0a8b058229fb96.jpg,908,681
 climate control,729,421,179,68,0b55b1c65cbcd4.jpg,908,681
music system,748,493,157,65,0b55b1c65cbcd4.jpg,908,681
air blower,736,301,172,91,0b55b1c65cbcd4.jpg,908,681
air blower,86,248,101,123,0b55b1c65cbcd4.jpg,908,681
light controller,97,398,99,63,0b55b1c65cbcd4.jpg,908,681
display,741,188,167,111,0b55b1c65cbcd4.jpg,908,681
 steering buttons,578,267,117,92,0b55b1c65cbcd4.jpg,908,681
 steering buttons,236,266,98,97,0b55b1c65cbcd4.jpg,908,681
display,732,77,176,113,1054b5242562ad.jpg,908,681
 steering buttons,593,269,102,138,1054b5242562ad.jpg,908,681
 steering buttons,223,279,126,119,1054b5242562ad.jpg,908,681
light controller,98,314,93,82,1054b5242562ad.jpg,908,681
air blower,88,204,121,89,1054b5242562ad.jpg,908,681
air blower,737,182,171,94,1054b5242562ad.jpg,908,681
music system,741,289,167,64,1054b5242562ad.jpg,908,681
 climate control,741,348,167,78,1054b5242562ad.jpg,908,681
 steering buttons,213,268,66,80,12a2bf1719a05c.jpg,909,682
 steering buttons,544,253,93,99,12a2bf1719a05c.jpg,909,682
air blower,777,246,132,84,12a2bf1719a05c.jpg,909,682
music system,801,364,108,105,12a2bf1719a05c.jpg,909,682
 climate control,835,470,74,104,12a2bf1719a05c.jpg,909,682
 steering buttons,603,263,97,97,15da859cfc351f.jpg,908,681
 steering buttons,221,259,103,89,15da859cfc351f.jpg,908,681
light controller,62,376,97,90,15da859cfc351f.jpg,908,681
air blower,745,224,163,107,15da859cfc351f.jpg,908,681
air blower,48,243,133,132,15da859cfc351f.jpg,908,681
music system,758,371,150,94,15da859cfc351f.jpg,908,681
 climate control,753,466,155,99,15da859cfc351f.jpg,908,681
 steering buttons,109,128,83,88,16c3717a0c4475.jpg,908,681
gear lever,400,363,119,219,16c3717a0c4475.jpg,908,681
drive switching,527,464,94,88,16c3717a0c4475.jpg,908,681
 climate control,329,290,300,81,16c3717a0c4475.jpg,908,681
music system,309,221,332,67,16c3717a0c4475.jpg,908,681
air blower,302,155,338,72,16c3717a0c4475.jpg,908,681
display,339,45,264,123,16c3717a0c4475.jpg,908,681
gear lever,386,393,118,246,182aa0a1f7862b.jpg,908,681
drive switching,519,571,113,88,182aa0a1f7862b.jpg,908,681
 climate control,304,276,292,81,182aa0a1f7862b.jpg,908,681
music system,298,225,323,61,182aa0a1f7862b.jpg,908,681
air blower,275,156,373,69,182aa0a1f7862b.jpg,908,681
display,335,74,283,92,182aa0a1f7862b.jpg,908,681
 steering buttons,92,165,108,80,182aa0a1f7862b.jpg,908,681
display,752,11,156,132,18a8318407c604.jpg,908,681
 steering buttons,593,326,82,86,18a8318407c604.jpg,908,681
 steering buttons,240,329,95,78,18a8318407c604.jpg,908,681
light controller,81,249,102,76,18a8318407c604.jpg,908,681
air blower,13,157,224,94,18a8318407c604.jpg,908,681
air blower,683,146,225,111,18a8318407c604.jpg,908,681
 climate control,718,259,190,101,18a8318407c604.jpg,908,681
music system,749,380,159,99,18a8318407c604.jpg,908,681
 climate control,726,407,182,78,18e1df40cb4a35.jpg,908,681
music system,754,484,154,84,18e1df40cb4a35.jpg,908,681
air blower,724,294,184,86,18e1df40cb4a35.jpg,908,681
air blower,51,272,140,81,18e1df40cb4a35.jpg,908,681
light controller,69,349,123,88,18e1df40cb4a35.jpg,908,681
 steering buttons,582,281,97,102,18e1df40cb4a35.jpg,908,681
 steering buttons,225,289,136,97,18e1df40cb4a35.jpg,908,681
display,718,189,190,109,18e1df40cb4a35.jpg,908,681
 steering buttons,607,235,111,122,190622b8f47c72.jpg,908,681
 steering buttons,186,258,109,81,190622b8f47c72.jpg,908,681
light controller,34,362,98,76,190622b8f47c72.jpg,908,681
air blower,20,261,107,94,190622b8f47c72.jpg,908,681
air blower,776,280,132,83,190622b8f47c72.jpg,908,681
music system,759,404,149,90,190622b8f47c72.jpg,908,681
 climate control,751,499,157,98,190622b8f47c72.jpg,908,681
 steering buttons,272,266,77,82,19a1808bd89d70.jpg,908,681
 steering buttons,601,284,76,73,19a1808bd89d70.jpg,908,681
light controller,104,322,97,82,19a1808bd89d70.jpg,908,681
air blower,36,230,175,84,19a1808bd89d70.jpg,908,681
air blower,734,248,174,85,19a1808bd89d70.jpg,908,681
display,759,111,149,131,19a1808bd89d70.jpg,908,681
 climate control,767,352,141,69,19a1808bd89d70.jpg,908,681
music system,784,422,124,86,19a1808bd89d70.jpg,908,681
display,765,160,143,114,1ad667eb234124.jpg,908,681
air blower,777,286,131,94,1ad667eb234124.jpg,908,681
air blower,53,216,80,147,1ad667eb234124.jpg,908,681
 climate control,778,397,130,78,1ad667eb234124.jpg,908,681
music system,760,480,148,73,1ad667eb234124.jpg,908,681
 steering buttons,611,271,100,102,1ad667eb234124.jpg,908,681
 steering buttons,194,268,108,105,1ad667eb234124.jpg,908,681
gear lever,353,354,106,191,1b30de05ed05d7.jpg,908,681
drive switching,459,485,101,67,1b30de05ed05d7.jpg,908,681
music system,317,304,263,58,1b30de05ed05d7.jpg,908,681
 climate control,294,243,306,63,1b30de05ed05d7.jpg,908,681
air blower,281,150,332,77,1b30de05ed05d7.jpg,908,681
display,353,80,215,83,1b30de05ed05d7.jpg,908,681
 steering buttons,82,102,81,74,1b30de05ed05d7.jpg,908,681
 steering buttons,142,256,77,85,1c09848fa47eb4.jpg,908,681
gear lever,392,454,100,207,1c09848fa47eb4.jpg,908,681
drive switching,497,613,111,68,1c09848fa47eb4.jpg,908,681
 climate control,317,326,265,75,1c09848fa47eb4.jpg,908,681
music system,305,281,291,53,1c09848fa47eb4.jpg,908,681
air blower,296,216,313,55,1c09848fa47eb4.jpg,908,681
display,384,142,157,74,1c09848fa47eb4.jpg,908,681
 steering buttons,209,239,105,98,1d8e35f93e5a39.jpg,908,681
 steering buttons,568,243,118,97,1d8e35f93e5a39.jpg,908,681
air blower,64,266,83,75,1d8e35f93e5a39.jpg,908,681
air blower,745,284,163,78,1d8e35f93e5a39.jpg,908,681
display,729,161,179,119,1d8e35f93e5a39.jpg,908,681
 climate control,750,376,158,81,1d8e35f93e5a39.jpg,908,681
music system,740,451,168,55,1d8e35f93e5a39.jpg,908,681
music system,726,326,182,73,1db6867e6ed304.jpg,908,681
 climate control,727,407,181,81,1db6867e6ed304.jpg,908,681
air blower,713,233,195,78,1db6867e6ed304.jpg,908,681
air blower,122,226,95,67,1db6867e6ed304.jpg,908,681
light controller,112,307,91,70,1db6867e6ed304.jpg,908,681
display,740,111,168,119,1db6867e6ed304.jpg,908,681
 steering buttons,585,290,88,94,1db6867e6ed304.jpg,908,681
 steering buttons,244,286,92,103,1db6867e6ed304.jpg,908,681
air blower,63,258,100,132,1fd5966c719779.jpg,908,681
air blower,754,280,154,103,1fd5966c719779.jpg,908,681
display,745,168,163,111,1fd5966c719779.jpg,908,681
 steering buttons,588,285,115,110,1fd5966c719779.jpg,908,681
 steering buttons,214,298,108,82,1fd5966c719779.jpg,908,681
 climate control,741,398,167,65,1fd5966c719779.jpg,908,681
music system,750,466,158,82,1fd5966c719779.jpg,908,681
 steering buttons,579,242,109,106,208ec8a24c99cd.jpg,908,681
 steering buttons,212,238,101,117,208ec8a24c99cd.jpg,908,681
light controller,29,261,130,77,208ec8a24c99cd.jpg,908,681
air blower,46,166,161,91,208ec8a24c99cd.jpg,908,681
air blower,763,282,145,98,208ec8a24c99cd.jpg,908,681
display,800,139,108,141,208ec8a24c99cd.jpg,908,681
music system,763,392,145,69,208ec8a24c99cd.jpg,908,681
 climate control,783,464,125,119,208ec8a24c99cd.jpg,908,681
 climate control,727,404,181,89,21c6881f8282e8.jpg,908,681
music system,737,326,171,76,21c6881f8282e8.jpg,908,681
air blower,727,241,181,91,21c6881f8282e8.jpg,908,681
air blower,109,202,93,100,21c6881f8282e8.jpg,908,681
light controller,109,321,77,84,21c6881f8282e8.jpg,908,681
display,742,133,165,110,21c6881f8282e8.jpg,908,681
 steering buttons,572,302,106,111,21c6881f8282e8.jpg,908,681
 steering buttons,228,293,117,109,21c6881f8282e8.jpg,908,681
display,735,165,173,141,238c6c63e185d7.jpg,908,681
air blower,762,312,146,68,238c6c63e185d7.jpg,908,681
air blower,134,172,72,72,238c6c63e185d7.jpg,908,681
light controller,87,246,111,67,238c6c63e185d7.jpg,908,681
 steering buttons,595,284,99,106,238c6c63e185d7.jpg,908,681
 steering buttons,234,289,90,94,238c6c63e185d7.jpg,908,681
music system,746,387,162,80,238c6c63e185d7.jpg,908,681
 climate control,741,476,167,88,238c6c63e185d7.jpg,908,681
 steering buttons,236,298,90,86,250360da0827fb.jpg,908,681
 steering buttons,583,307,84,83,250360da0827fb.jpg,908,681
air blower,55,254,155,102,250360da0827fb.jpg,908,681
air blower,699,258,209,105,250360da0827fb.jpg,908,681
light controller,102,360,94,78,250360da0827fb.jpg,908,681
 climate control,733,380,175,88,250360da0827fb.jpg,908,681
music system,740,466,168,74,250360da0827fb.jpg,908,681
display,727,123,181,130,250360da0827fb.jpg,908,681
light controller,105,321,105,68,28116c263e0d07.jpg,908,681
air blower,72,234,136,84,28116c263e0d07.jpg,908,681
air blower,703,242,205,82,28116c263e0d07.jpg,908,681
display,695,124,213,108,28116c263e0d07.jpg,908,681
 climate control,741,338,167,72,28116c263e0d07.jpg,908,681
music system,737,409,171,75,28116c263e0d07.jpg,908,681
 steering buttons,574,305,80,88,28116c263e0d07.jpg,908,681
 steering buttons,261,284,67,74,28116c263e0d07.jpg,908,681
display,317,144,255,94,2a7e8e006834fe.jpg,908,681
 steering buttons,105,209,72,78,2a7e8e006834fe.jpg,908,681
air blower,295,233,327,64,2a7e8e006834fe.jpg,908,681
music system,309,307,298,70,2a7e8e006834fe.jpg,908,681
 climate control,314,377,276,57,2a7e8e006834fe.jpg,908,681
gear lever,400,414,86,207,2a7e8e006834fe.jpg,908,681
drive switching,491,518,89,95,2a7e8e006834fe.jpg,908,681
 steering buttons,140,229,69,66,2ba02c782b7d1a.jpg,908,681
gear lever,396,406,95,182,2ba02c782b7d1a.jpg,908,681
drive switching,499,541,90,80,2ba02c782b7d1a.jpg,908,681
 climate control,329,291,244,57,2ba02c782b7d1a.jpg,908,681
music system,322,243,263,51,2ba02c782b7d1a.jpg,908,681
air blower,313,171,282,81,2ba02c782b7d1a.jpg,908,681
display,345,103,227,86,2ba02c782b7d1a.jpg,908,681
display,341,64,247,97,2d8baf496964c4.jpg,908,681
air blower,293,161,337,65,2d8baf496964c4.jpg,908,681
music system,305,234,319,55,2d8baf496964c4.jpg,908,681
 climate control,321,285,284,74,2d8baf496964c4.jpg,908,681
gear lever,399,373,90,226,2d8baf496964c4.jpg,908,681
drive switching,530,475,92,86,2d8baf496964c4.jpg,908,681
 steering buttons,103,180,83,93,2d8baf496964c4.jpg,908,681
 steering buttons,218,293,122,110,2e4a4f00cf05df.jpg,908,681
 steering buttons,576,288,102,108,2e4a4f00cf05df.jpg,908,681
light controller,94,309,99,83,2e4a4f00cf05df.jpg,908,681
air blower,90,227,108,80,2e4a4f00cf05df.jpg,908,681
air blower,730,307,178,78,2e4a4f00cf05df.jpg,908,681
display,727,185,181,117,2e4a4f00cf05df.jpg,908,681
 climate control,729,408,179,77,2e4a4f00cf05df.jpg,908,681
music system,737,495,166,60,2e4a4f00cf05df.jpg,908,681
gear lever,366,343,119,233,2ec601f9415f0e.jpg,908,681
drive switching,525,441,89,75,2ec601f9415f0e.jpg,908,681
 climate control,331,280,260,66,2ec601f9415f0e.jpg,908,681
music system,330,229,272,49,2ec601f9415f0e.jpg,908,681
air blower,322,161,290,53,2ec601f9415f0e.jpg,908,681
air blower,867,98,41,64,2ec601f9415f0e.jpg,908,681
display,361,72,216,85,2ec601f9415f0e.jpg,908,681
 steering buttons,145,160,80,64,2ec601f9415f0e.jpg,908,681
light controller,218,267,98,113,30222e16a5fb0f.jpg,908,681
 steering buttons,233,257,90,100,3225d226cab916.jpg,908,681
 steering buttons,550,268,95,88,3225d226cab916.jpg,908,681
air blower,60,198,124,150,3225d226cab916.jpg,908,681
air blower,709,257,199,91,3225d226cab916.jpg,908,681
display,735,134,173,111,3225d226cab916.jpg,908,681
 climate control,707,368,201,75,3225d226cab916.jpg,908,681
music system,707,440,201,65,3225d226cab916.jpg,908,681
light controller,94,352,93,73,3225d226cab916.jpg,908,681
 steering buttons,220,280,125,121,327dbe4020eabc.jpg,908,681
 steering buttons,582,277,131,124,327dbe4020eabc.jpg,908,681
air blower,60,217,132,99,327dbe4020eabc.jpg,908,681
air blower,752,275,156,102,327dbe4020eabc.jpg,908,681
display,766,178,142,101,327dbe4020eabc.jpg,908,681
light controller,40,307,142,86,327dbe4020eabc.jpg,908,681
 climate control,760,385,148,84,327dbe4020eabc.jpg,908,681
music system,763,474,145,78,327dbe4020eabc.jpg,908,681
 climate control,330,240,234,73,33f8075c03bfd4.jpg,908,681
music system,341,312,214,67,33f8075c03bfd4.jpg,908,681
gear lever,395,379,91,166,33f8075c03bfd4.jpg,908,681
drive switching,426,534,97,64,33f8075c03bfd4.jpg,908,681
air blower,309,134,288,86,33f8075c03bfd4.jpg,908,681
display,341,61,241,80,33f8075c03bfd4.jpg,908,681
 steering buttons,131,117,69,68,33f8075c03bfd4.jpg,908,681
 steering buttons,211,266,110,92,34c89d080c92ac.jpg,908,681
 steering buttons,569,252,110,114,34c89d080c92ac.jpg,908,681
air blower,47,211,126,97,34c89d080c92ac.jpg,908,681
air blower,743,276,165,98,34c89d080c92ac.jpg,908,681
display,775,147,133,133,34c89d080c92ac.jpg,908,681
light controller,39,309,140,80,34c89d080c92ac.jpg,908,681
music system,768,374,140,89,34c89d080c92ac.jpg,908,681
 climate control,785,477,123,89,34c89d080c92ac.jpg,908,681
 climate control,320,275,250,66,357e5868594351.jpg,908,681
music system,305,344,277,63,357e5868594351.jpg,908,681
gear lever,366,443,93,214,357e5868594351.jpg,908,681
drive switching,496,591,100,69,357e5868594351.jpg,908,681
air blower,298,192,304,73,357e5868594351.jpg,908,681
display,356,118,216,80,357e5868594351.jpg,908,681
 steering buttons,97,149,88,81,357e5868594351.jpg,908,681
 steering buttons,197,275,98,114,3649b87b255649.jpg,908,681
 steering buttons,577,279,116,109,3649b87b255649.jpg,908,681
display,766,164,142,130,3649b87b255649.jpg,908,681
air blower,730,300,178,93,3649b87b255649.jpg,908,681
air blower,93,186,93,84,3649b87b255649.jpg,908,681
music system,745,400,163,70,3649b87b255649.jpg,908,681
 climate control,754,495,154,74,3649b87b255649.jpg,908,681
 steering buttons,202,273,100,114,378854e8b4023d.jpg,908,681
 steering buttons,595,276,100,114,378854e8b4023d.jpg,908,681
display,787,121,121,161,378854e8b4023d.jpg,908,681
air blower,786,286,122,101,378854e8b4023d.jpg,908,681
air blower,2,198,160,117,378854e8b4023d.jpg,908,681
light controller,0,308,128,69,378854e8b4023d.jpg,908,681
music system,801,503,107,77,378854e8b4023d.jpg,908,681
 climate control,818,582,90,92,378854e8b4023d.jpg,908,681
drive switching,461,589,92,67,37f37576f73369.jpg,908,681
gear lever,406,387,111,200,37f37576f73369.jpg,908,681
music system,352,310,208,68,37f37576f73369.jpg,908,681
 climate control,339,252,238,66,37f37576f73369.jpg,908,681
air blower,309,189,307,59,37f37576f73369.jpg,908,681
display,350,93,215,81,37f37576f73369.jpg,908,681
 steering buttons,143,157,90,80,37f37576f73369.jpg,908,681
 steering buttons,239,287,92,88,3860c97e808971.jpg,908,682
 steering buttons,595,299,82,91,3860c97e808971.jpg,908,682
air blower,852,335,56,118,3860c97e808971.jpg,908,682
air blower,122,289,73,131,3860c97e808971.jpg,908,682
drive switching,480,480,81,82,3931cffec56990.jpg,908,681
gear lever,389,374,91,211,3931cffec56990.jpg,908,681
 climate control,311,377,288,69,3931cffec56990.jpg,908,681
music system,304,321,307,49,3931cffec56990.jpg,908,681
air blower,298,184,319,60,3931cffec56990.jpg,908,681
display,341,106,246,75,3931cffec56990.jpg,908,681
 steering buttons,104,155,82,80,3931cffec56990.jpg,908,681
 steering buttons,206,265,107,93,3a0f60cfaf214d.jpg,908,681
 steering buttons,618,266,81,94,3a0f60cfaf214d.jpg,908,681
air blower,773,280,135,86,3a0f60cfaf214d.jpg,908,681
air blower,30,263,128,85,3a0f60cfaf214d.jpg,908,681
light controller,54,357,86,76,3a0f60cfaf214d.jpg,908,681
 climate control,744,491,164,98,3a0f60cfaf214d.jpg,908,681
music system,759,397,149,89,3a0f60cfaf214d.jpg,908,681
 steering buttons,239,307,110,82,3a228143188443.jpg,908,681
 steering buttons,558,296,105,89,3a228143188443.jpg,908,681
air blower,106,257,113,68,3a228143188443.jpg,908,681
air blower,718,272,190,81,3a228143188443.jpg,908,681
light controller,86,334,127,86,3a228143188443.jpg,908,681
 climate control,745,434,163,85,3a228143188443.jpg,908,681
music system,732,366,176,72,3a228143188443.jpg,908,681
display,754,147,154,121,3a228143188443.jpg,908,681
drive switching,509,524,80,82,3a2eeb93503be3.jpg,908,681
gear lever,417,398,70,185,3a2eeb93503be3.jpg,908,681
 climate control,345,280,223,47,3a2eeb93503be3.jpg,908,681
music system,325,239,254,45,3a2eeb93503be3.jpg,908,681
air blower,313,172,280,74,3a2eeb93503be3.jpg,908,681
air blower,867,157,41,59,3a2eeb93503be3.jpg,908,681
display,374,107,160,64,3a2eeb93503be3.jpg,908,681
 steering buttons,163,225,80,69,3a2eeb93503be3.jpg,908,681
 steering buttons,267,265,93,76,3bcb723e4dace6.jpg,908,681
 steering buttons,590,267,86,76,3bcb723e4dace6.jpg,908,681
light controller,128,256,114,68,3bcb723e4dace6.jpg,908,681
air blower,137,166,134,90,3bcb723e4dace6.jpg,908,681
air blower,727,260,181,93,3bcb723e4dace6.jpg,908,681
display,803,141,105,123,3bcb723e4dace6.jpg,908,681
music system,723,362,185,59,3bcb723e4dace6.jpg,908,681
 climate control,743,425,165,101,3bcb723e4dace6.jpg,908,681
 steering buttons,179,266,107,97,3d20028a5b0e87.jpg,908,681
 steering buttons,618,260,105,85,3d20028a5b0e87.jpg,908,681
display,749,140,159,122,3d20028a5b0e87.jpg,908,681
air blower,784,268,124,82,3d20028a5b0e87.jpg,908,681
air blower,22,246,92,93,3d20028a5b0e87.jpg,908,681
light controller,27,352,89,88,3d20028a5b0e87.jpg,908,681
 climate control,754,416,154,82,3d20028a5b0e87.jpg,908,681
music system,768,508,140,81,3d20028a5b0e87.jpg,908,681
drive switching,455,570,107,83,3d329b907674c1.jpg,908,681
gear lever,369,441,90,177,3d329b907674c1.jpg,908,681
 climate control,309,319,247,70,3d329b907674c1.jpg,908,681
music system,304,275,261,38,3d329b907674c1.jpg,908,681
air blower,303,207,284,58,3d329b907674c1.jpg,908,681
display,344,119,219,88,3d329b907674c1.jpg,908,681
 steering buttons,113,254,86,88,3d329b907674c1.jpg,908,681
 steering buttons,9,125,83,90,3e8fb3c54d6e80.jpg,908,681
display,301,22,316,118,3e8fb3c54d6e80.jpg,908,681
air blower,245,139,404,81,3e8fb3c54d6e80.jpg,908,681
music system,247,230,423,64,3e8fb3c54d6e80.jpg,908,681
 climate control,266,302,363,105,3e8fb3c54d6e80.jpg,908,681
gear lever,360,393,110,268,3e8fb3c54d6e80.jpg,908,681
drive switching,509,528,114,84,3e8fb3c54d6e80.jpg,908,681
 steering buttons,237,273,99,97,40cbc2bdc99770.jpg,908,681
 steering buttons,595,276,91,81,40cbc2bdc99770.jpg,908,681
air blower,105,284,82,80,40cbc2bdc99770.jpg,908,681
air blower,750,298,158,70,40cbc2bdc99770.jpg,908,681
display,725,168,183,124,40cbc2bdc99770.jpg,908,681
 climate control,736,375,172,73,40cbc2bdc99770.jpg,908,681
music system,744,449,164,72,40cbc2bdc99770.jpg,908,681
light controller,105,363,80,69,40cbc2bdc99770.jpg,908,681
 steering buttons,552,307,89,95,4247663c717a63.jpg,908,681
 steering buttons,261,312,89,89,4247663c717a63.jpg,908,681
air blower,87,316,144,107,4247663c717a63.jpg,908,681
air blower,675,357,233,93,4247663c717a63.jpg,908,681
display,700,211,208,139,4247663c717a63.jpg,908,681
 climate control,703,451,205,80,4247663c717a63.jpg,908,681
music system,729,533,179,74,4247663c717a63.jpg,908,681
light controller,115,429,146,74,4247663c717a63.jpg,908,681
display,719,74,189,128,42d23ba0f53cc6.jpg,908,681
air blower,42,184,177,100,42d23ba0f53cc6.jpg,908,681
air blower,692,202,216,91,42d23ba0f53cc6.jpg,908,681
light controller,49,307,139,93,42d23ba0f53cc6.jpg,908,681
 steering buttons,237,304,89,102,42d23ba0f53cc6.jpg,908,681
 steering buttons,571,296,92,106,42d23ba0f53cc6.jpg,908,681
light controller,713,293,195,74,42d23ba0f53cc6.jpg,908,681
 climate control,716,362,192,86,42d23ba0f53cc6.jpg,908,681
air blower,37,163,141,103,440789b58b0998.jpg,908,681
air blower,754,263,154,109,440789b58b0998.jpg,908,681
 steering buttons,587,266,117,111,440789b58b0998.jpg,908,681
 steering buttons,201,266,123,105,440789b58b0998.jpg,908,681
light controller,31,266,123,91,440789b58b0998.jpg,908,681
music system,761,372,147,85,440789b58b0998.jpg,908,681
 climate control,785,465,123,97,440789b58b0998.jpg,908,681
display,773,118,135,141,440789b58b0998.jpg,908,681
display,750,108,158,113,44204335e71619.jpg,908,681
air blower,693,226,215,82,44204335e71619.jpg,908,681
music system,717,314,191,64,44204335e71619.jpg,908,681
 climate control,704,375,204,82,44204335e71619.jpg,908,681
 steering buttons,571,308,103,101,44204335e71619.jpg,908,681
 steering buttons,240,294,100,106,44204335e71619.jpg,908,681
light controller,61,339,141,83,44204335e71619.jpg,908,681
air blower,49,227,160,97,44204335e71619.jpg,908,681
 steering buttons,148,223,81,68,44a8e7aaf8d90b.jpg,908,681
gear lever,391,413,98,172,44a8e7aaf8d90b.jpg,908,681
drive switching,494,520,97,69,44a8e7aaf8d90b.jpg,908,681
 climate control,322,257,268,73,44a8e7aaf8d90b.jpg,908,681
music system,314,207,284,45,44a8e7aaf8d90b.jpg,908,681
air blower,300,139,321,65,44a8e7aaf8d90b.jpg,908,681
display,342,52,247,83,44a8e7aaf8d90b.jpg,908,681
gear lever,381,329,119,194,45cb44bdd395f4.jpg,908,681
drive switching,411,517,111,80,45cb44bdd395f4.jpg,908,681
 climate control,328,197,263,76,45cb44bdd395f4.jpg,908,681
music system,335,271,246,64,45cb44bdd395f4.jpg,908,681
air blower,298,89,306,81,45cb44bdd395f4.jpg,908,681
display,339,15,242,74,45cb44bdd395f4.jpg,908,681
 steering buttons,115,61,86,81,45cb44bdd395f4.jpg,908,681
display,719,174,189,85,464ccd709c422e.jpg,908,681
air blower,691,252,217,73,464ccd709c422e.jpg,908,681
air blower,131,299,81,70,464ccd709c422e.jpg,908,681
music system,690,326,218,53,464ccd709c422e.jpg,908,681
 climate control,695,384,213,59,464ccd709c422e.jpg,908,681
 steering buttons,261,317,75,74,464ccd709c422e.jpg,908,681
 steering buttons,572,299,81,84,464ccd709c422e.jpg,908,681
gear lever,877,546,31,135,464ccd709c422e.jpg,908,681
light controller,69,269,121,74,46f719db65afc7.jpg,908,681
air blower,76,190,143,76,46f719db65afc7.jpg,908,681
air blower,759,284,149,93,46f719db65afc7.jpg,908,681
 steering buttons,604,296,95,100,46f719db65afc7.jpg,908,681
 steering buttons,231,288,105,113,46f719db65afc7.jpg,908,681
display,745,166,163,119,46f719db65afc7.jpg,908,681
music system,769,398,139,73,46f719db65afc7.jpg,908,681
 climate control,779,466,129,91,46f719db65afc7.jpg,908,681
 steering buttons,123,161,73,68,4a4535790b4906.jpg,908,681
display,336,110,252,85,4a4535790b4906.jpg,908,681
air blower,304,200,313,70,4a4535790b4906.jpg,908,681
 climate control,314,281,290,67,4a4535790b4906.jpg,908,681
music system,336,347,259,56,4a4535790b4906.jpg,908,681
gear lever,368,420,110,218,4a4535790b4906.jpg,908,681
drive switching,468,557,97,68,4a4535790b4906.jpg,908,681
drive switching,384,545,84,76,4a635fd8f02592.jpg,909,682
gear lever,413,355,120,166,4a635fd8f02592.jpg,909,682
music system,352,274,244,65,4a635fd8f02592.jpg,909,682
 climate control,334,172,285,83,4a635fd8f02592.jpg,909,682
air blower,288,90,356,77,4a635fd8f02592.jpg,909,682
 steering buttons,154,183,105,81,4a635fd8f02592.jpg,909,682
light controller,82,280,76,67,4b0abedf09a61b.jpg,908,681
 steering buttons,210,258,93,89,4b0abedf09a61b.jpg,908,681
 steering buttons,595,257,99,114,4b0abedf09a61b.jpg,908,681
display,724,152,184,133,4b0abedf09a61b.jpg,908,681
air blower,748,281,160,90,4b0abedf09a61b.jpg,908,681
music system,754,365,154,73,4b0abedf09a61b.jpg,908,681
 climate control,760,457,148,83,4b0abedf09a61b.jpg,908,681
 steering buttons,578,283,86,78,4f5ebf18a48322.jpg,908,681
 steering buttons,245,291,91,70,4f5ebf18a48322.jpg,908,681
air blower,59,261,148,105,4f5ebf18a48322.jpg,908,681
air blower,712,242,196,115,4f5ebf18a48322.jpg,908,681
display,757,136,151,105,4f5ebf18a48322.jpg,908,681
 climate control,763,377,145,99,4f5ebf18a48322.jpg,908,681
music system,779,475,129,88,4f5ebf18a48322.jpg,908,681
light controller,77,379,134,81,4f5ebf18a48322.jpg,908,681
gear lever,400,491,91,163,50cb6b8f2cdfc1.jpg,908,681
drive switching,491,604,82,66,50cb6b8f2cdfc1.jpg,908,681
 steering buttons,209,343,48,56,50cb6b8f2cdfc1.jpg,908,681
 steering buttons,18,344,61,58,50cb6b8f2cdfc1.jpg,908,681
display,368,224,196,69,50cb6b8f2cdfc1.jpg,908,681
air blower,329,289,261,64,50cb6b8f2cdfc1.jpg,908,681
air blower,841,283,67,60,50cb6b8f2cdfc1.jpg,908,681
music system,341,352,229,35,50cb6b8f2cdfc1.jpg,908,681
 climate control,351,389,213,50,50cb6b8f2cdfc1.jpg,908,681
 steering buttons,234,266,84,90,51cc92d2382bbe.jpg,908,681
 steering buttons,559,271,95,80,51cc92d2382bbe.jpg,908,681
display,675,53,233,113,51cc92d2382bbe.jpg,908,681
air blower,693,168,215,130,51cc92d2382bbe.jpg,908,681
air blower,51,182,160,160,51cc92d2382bbe.jpg,908,681
light controller,56,363,114,90,51cc92d2382bbe.jpg,908,681
 climate control,721,329,187,95,51cc92d2382bbe.jpg,908,681
music system,735,426,173,80,51cc92d2382bbe.jpg,908,681
 steering buttons,260,263,101,91,530df33a3a950a.jpg,908,681
 steering buttons,600,261,92,102,530df33a3a950a.jpg,908,681
light controller,74,336,149,79,530df33a3a950a.jpg,908,681
air blower,40,237,196,91,530df33a3a950a.jpg,908,681
air blower,734,240,174,98,530df33a3a950a.jpg,908,681
display,746,110,162,131,530df33a3a950a.jpg,908,681
 climate control,771,345,137,70,530df33a3a950a.jpg,908,681
music system,775,418,133,73,530df33a3a950a.jpg,908,681
gear lever,384,369,79,151,550bda9644e903.jpg,908,681
drive switching,462,457,73,45,550bda9644e903.jpg,908,681
 climate control,321,335,240,76,550bda9644e903.jpg,908,681
music system,318,295,263,50,550bda9644e903.jpg,908,681
air blower,315,235,273,47,550bda9644e903.jpg,908,681
air blower,856,193,52,47,550bda9644e903.jpg,908,681
display,333,166,244,68,550bda9644e903.jpg,908,681
 steering buttons,162,205,63,63,550bda9644e903.jpg,908,681
 steering buttons,0,204,21,60,550bda9644e903.jpg,908,681
 steering buttons,230,271,92,99,57074a201f9f8a.jpg,908,681
 steering buttons,607,269,99,107,57074a201f9f8a.jpg,908,681
light controller,95,286,86,68,57074a201f9f8a.jpg,908,681
air blower,107,204,116,82,57074a201f9f8a.jpg,908,681
air blower,751,282,157,73,57074a201f9f8a.jpg,908,681
display,731,157,177,115,57074a201f9f8a.jpg,908,681
music system,748,368,160,78,57074a201f9f8a.jpg,908,681
 climate control,760,447,148,76,57074a201f9f8a.jpg,908,681
 steering buttons,245,321,98,98,57ac3abda608b2.jpg,908,681
 steering buttons,550,261,89,68,57ac3abda608b2.jpg,908,681
gear lever,827,359,81,228,57ac3abda608b2.jpg,908,681
light controller,21,313,137,93,57ac3abda608b2.jpg,908,681
air blower,545,33,355,165,57ac3abda608b2.jpg,908,681
air blower,0,211,143,121,57ac3abda608b2.jpg,908,681
display,561,0,263,89,57ac3abda608b2.jpg,908,681
music system,686,277,222,94,57ac3abda608b2.jpg,908,681
 climate control,664,131,244,149,57ac3abda608b2.jpg,908,681
 steering buttons,93,181,77,73,580f6e0416210a.jpg,908,681
air blower,268,203,357,72,580f6e0416210a.jpg,908,681
display,320,122,262,84,580f6e0416210a.jpg,908,681
music system,294,354,322,48,580f6e0416210a.jpg,908,681
 climate control,298,405,297,72,580f6e0416210a.jpg,908,681
gear lever,384,419,88,213,580f6e0416210a.jpg,908,681
drive switching,477,526,84,70,580f6e0416210a.jpg,908,681
gear lever,409,322,92,165,58140dfd230d02.jpg,908,681
drive switching,489,395,82,70,58140dfd230d02.jpg,908,681
 climate control,354,310,229,59,58140dfd230d02.jpg,908,681
music system,337,269,263,45,58140dfd230d02.jpg,908,681
air blower,330,155,291,58,58140dfd230d02.jpg,908,681
air blower,832,98,76,53,58140dfd230d02.jpg,908,681
display,355,78,225,82,58140dfd230d02.jpg,908,681
 steering buttons,181,142,65,54,58140dfd230d02.jpg,908,681
 steering buttons,0,151,43,65,58140dfd230d02.jpg,908,681
light controller,64,259,138,79,5a9de8bbc28e62.jpg,908,681
 steering buttons,244,281,92,98,5a9de8bbc28e62.jpg,908,681
 steering buttons,584,276,92,102,5a9de8bbc28e62.jpg,908,681
air blower,73,186,165,70,5a9de8bbc28e62.jpg,908,681
air blower,743,316,165,104,5a9de8bbc28e62.jpg,908,681
music system,755,427,153,76,5a9de8bbc28e62.jpg,908,681
 climate control,768,516,140,82,5a9de8bbc28e62.jpg,908,681
display,731,189,177,126,5a9de8bbc28e62.jpg,908,681
gear lever,409,401,101,231,5b77931591ec74.jpg,909,682
 climate control,314,321,284,73,5b77931591ec74.jpg,909,682
music system,307,253,299,72,5b77931591ec74.jpg,909,682
air blower,297,155,324,93,5b77931591ec74.jpg,909,682
 steering buttons,148,164,79,102,5b77931591ec74.jpg,909,682
 steering buttons,137,215,82,82,5c5aecd3f358a4.jpg,908,681
gear lever,424,423,106,214,5c5aecd3f358a4.jpg,908,681
drive switching,525,577,111,87,5c5aecd3f358a4.jpg,908,681
 climate control,316,295,335,65,5c5aecd3f358a4.jpg,908,681
music system,317,239,322,50,5c5aecd3f358a4.jpg,908,681
air blower,298,154,356,77,5c5aecd3f358a4.jpg,908,681
display,374,67,242,91,5c5aecd3f358a4.jpg,908,681
gear lever,394,481,106,200,5fc6b6e2caaeaa.jpg,908,681
drive switching,535,634,107,47,5fc6b6e2caaeaa.jpg,908,681
 climate control,253,420,418,106,5fc6b6e2caaeaa.jpg,908,681
music system,233,325,439,81,5fc6b6e2caaeaa.jpg,908,681
air blower,230,230,444,86,5fc6b6e2caaeaa.jpg,908,681
display,283,107,342,127,5fc6b6e2caaeaa.jpg,908,681
 steering buttons,1,201,87,96,5fc6b6e2caaeaa.jpg,908,681
gear lever,403,274,77,156,620e3e1e0806d3.jpg,908,681
drive switching,495,365,72,53,620e3e1e0806d3.jpg,908,681
 climate control,333,239,247,62,620e3e1e0806d3.jpg,908,681
music system,320,184,287,47,620e3e1e0806d3.jpg,908,681
air blower,312,120,295,68,620e3e1e0806d3.jpg,908,681
display,350,39,215,81,620e3e1e0806d3.jpg,908,681
 steering buttons,151,93,82,73,620e3e1e0806d3.jpg,908,681
music system,719,505,189,94,62437d61fe94be.jpg,908,681
 climate control,706,412,202,89,62437d61fe94be.jpg,908,681
air blower,686,297,222,99,62437d61fe94be.jpg,908,681
air blower,63,266,156,76,62437d61fe94be.jpg,908,681
light controller,90,364,130,74,62437d61fe94be.jpg,908,681
 steering buttons,265,286,73,76,62437d61fe94be.jpg,908,681
 steering buttons,563,301,82,69,62437d61fe94be.jpg,908,681
display,691,201,217,93,62437d61fe94be.jpg,908,681
 steering buttons,581,261,115,108,63c4c3e8801d4a.jpg,908,681
 steering buttons,238,268,113,102,63c4c3e8801d4a.jpg,908,681
light controller,75,278,121,81,63c4c3e8801d4a.jpg,908,681
air blower,79,194,137,81,63c4c3e8801d4a.jpg,908,681
air blower,736,264,172,101,63c4c3e8801d4a.jpg,908,681
display,724,144,184,121,63c4c3e8801d4a.jpg,908,681
 climate control,744,364,164,86,63c4c3e8801d4a.jpg,908,681
music system,743,459,165,76,63c4c3e8801d4a.jpg,908,681
 steering buttons,221,277,92,79,63d9fd879bfdff.jpg,908,681
 steering buttons,576,269,93,76,63d9fd879bfdff.jpg,908,681
air blower,6,274,162,91,63d9fd879bfdff.jpg,908,681
air blower,726,278,182,87,63d9fd879bfdff.jpg,908,681
light controller,35,375,152,84,63d9fd879bfdff.jpg,908,681
 climate control,764,373,144,94,63d9fd879bfdff.jpg,908,681
music system,776,468,132,83,63d9fd879bfdff.jpg,908,681
display,734,128,174,142,63d9fd879bfdff.jpg,908,681
gear lever,434,441,96,120,6402b44602ecd9.jpg,908,681
drive switching,486,558,87,69,6402b44602ecd9.jpg,908,681
 climate control,364,269,215,50,6402b44602ecd9.jpg,908,681
music system,376,321,189,49,6402b44602ecd9.jpg,908,681
air blower,328,204,277,63,6402b44602ecd9.jpg,908,681
air blower,885,199,23,58,6402b44602ecd9.jpg,908,681
display,342,123,238,79,6402b44602ecd9.jpg,908,681
 steering buttons,205,209,53,55,6402b44602ecd9.jpg,908,681
 steering buttons,4,227,53,49,6402b44602ecd9.jpg,908,681
 steering buttons,219,293,99,94,6428b04050fdf6.jpg,908,681
 steering buttons,584,293,102,99,6428b04050fdf6.jpg,908,681
light controller,54,268,123,83,6428b04050fdf6.jpg,908,681
air blower,64,194,151,72,6428b04050fdf6.jpg,908,681
air blower,737,284,171,91,6428b04050fdf6.jpg,908,681
display,735,157,173,125,6428b04050fdf6.jpg,908,681
music system,761,397,147,76,6428b04050fdf6.jpg,908,681
 climate control,771,466,137,91,6428b04050fdf6.jpg,908,681
music system,788,504,120,96,6578fcf1b94692.jpg,908,681
 climate control,794,417,114,82,6578fcf1b94692.jpg,908,681
air blower,754,295,154,108,6578fcf1b94692.jpg,908,681
air blower,30,258,147,93,6578fcf1b94692.jpg,908,681
light controller,48,346,137,94,6578fcf1b94692.jpg,908,681
display,776,171,132,122,6578fcf1b94692.jpg,908,681
 steering buttons,590,284,116,116,6578fcf1b94692.jpg,908,681
 steering buttons,224,295,115,108,6578fcf1b94692.jpg,908,681
light controller,99,363,108,65,6655fa3b3a9802.jpg,908,681
air blower,95,278,111,82,6655fa3b3a9802.jpg,908,681
air blower,712,327,196,87,6655fa3b3a9802.jpg,908,681
display,735,222,173,104,6655fa3b3a9802.jpg,908,681
 steering buttons,570,308,96,93,6655fa3b3a9802.jpg,908,681
 steering buttons,233,320,97,79,6655fa3b3a9802.jpg,908,681
 climate control,737,423,171,79,6655fa3b3a9802.jpg,908,681
music system,735,505,173,77,6655fa3b3a9802.jpg,908,681
 steering buttons,184,123,77,70,683d9a0cdb03a7.jpg,908,681
 steering buttons,0,138,43,53,683d9a0cdb03a7.jpg,908,681
display,381,83,188,81,683d9a0cdb03a7.jpg,908,681
air blower,335,154,267,70,683d9a0cdb03a7.jpg,908,681
 climate control,350,230,256,58,683d9a0cdb03a7.jpg,908,681
music system,360,287,230,45,683d9a0cdb03a7.jpg,908,681
gear lever,413,349,70,167,683d9a0cdb03a7.jpg,908,681
drive switching,492,452,68,49,683d9a0cdb03a7.jpg,908,681
 steering buttons,604,253,122,125,6853dd66498b97.jpg,908,681
 steering buttons,211,276,99,104,6853dd66498b97.jpg,908,681
display,751,162,157,121,6853dd66498b97.jpg,908,681
air blower,774,287,134,88,6853dd66498b97.jpg,908,681
music system,758,459,150,73,6853dd66498b97.jpg,908,681
 climate control,771,539,137,83,6853dd66498b97.jpg,908,681
gear lever,381,501,102,174,6982a2a66f30a5.jpg,908,681
drive switching,496,637,103,44,6982a2a66f30a5.jpg,908,681
 climate control,292,355,313,77,6982a2a66f30a5.jpg,908,681
music system,291,306,325,45,6982a2a66f30a5.jpg,908,681
air blower,273,217,368,81,6982a2a66f30a5.jpg,908,681
display,306,102,320,110,6982a2a66f30a5.jpg,908,681
 steering buttons,114,295,82,91,6982a2a66f30a5.jpg,908,681
 steering buttons,581,312,126,101,69b778eac46ef4.jpg,908,681
 steering buttons,176,312,159,96,69b778eac46ef4.jpg,908,681
light controller,9,258,133,97,69b778eac46ef4.jpg,908,681
display,792,145,116,152,69b778eac46ef4.jpg,908,681
air blower,770,302,138,115,69b778eac46ef4.jpg,908,681
air blower,24,160,170,87,69b778eac46ef4.jpg,908,681
music system,783,414,125,78,69b778eac46ef4.jpg,908,681
 climate control,794,507,114,102,69b778eac46ef4.jpg,908,681
light controller,51,359,179,86,69df6ddc2af673.jpg,908,681
air blower,51,247,160,96,69df6ddc2af673.jpg,908,681
air blower,706,269,202,96,69df6ddc2af673.jpg,908,681
display,695,161,213,104,69df6ddc2af673.jpg,908,681
 climate control,711,415,197,87,69df6ddc2af673.jpg,908,681
music system,711,360,197,55,69df6ddc2af673.jpg,908,681
 steering buttons,569,310,97,94,69df6ddc2af673.jpg,908,681
 steering buttons,230,306,128,104,69df6ddc2af673.jpg,908,681
air blower,736,279,172,116,6ab137a17c9067.jpg,908,681
air blower,0,245,172,104,6ab137a17c9067.jpg,908,681
light controller,0,371,152,86,6ab137a17c9067.jpg,908,681
 steering buttons,595,253,91,88,6ab137a17c9067.jpg,908,681
 steering buttons,216,266,93,89,6ab137a17c9067.jpg,908,681
 climate control,795,433,113,113,6ab137a17c9067.jpg,908,681
music system,799,548,109,91,6ab137a17c9067.jpg,908,681
display,776,154,132,120,6ab137a17c9067.jpg,908,681
drive switching,477,438,88,77,6be9129c4dc25c.jpg,908,681
gear lever,419,310,67,147,6be9129c4dc25c.jpg,908,681
 steering buttons,123,204,87,74,6be9129c4dc25c.jpg,908,681
display,369,39,217,115,6be9129c4dc25c.jpg,908,681
music system,336,214,282,49,6be9129c4dc25c.jpg,908,681
 climate control,341,292,254,69,6be9129c4dc25c.jpg,908,681
air blower,321,147,253,64,6be9129c4dc25c.jpg,908,681
air blower,736,154,172,63,6be9129c4dc25c.jpg,908,681
 steering buttons,598,274,84,96,6d06eb6a22ab90.jpg,908,681
 steering buttons,209,281,103,104,6d06eb6a22ab90.jpg,908,681
light controller,41,259,122,87,6d06eb6a22ab90.jpg,908,681
air blower,55,174,164,79,6d06eb6a22ab90.jpg,908,681
air blower,726,256,182,86,6d06eb6a22ab90.jpg,908,681
display,743,127,165,122,6d06eb6a22ab90.jpg,908,681
music system,745,349,163,81,6d06eb6a22ab90.jpg,908,681
 climate control,779,431,129,96,6d06eb6a22ab90.jpg,908,681
drive switching,464,556,81,60,6d9434660f64fb.jpg,908,681
gear lever,418,376,91,174,6d9434660f64fb.jpg,908,681
music system,362,302,189,55,6d9434660f64fb.jpg,908,681
 climate control,350,248,209,53,6d9434660f64fb.jpg,908,681
air blower,318,186,283,63,6d9434660f64fb.jpg,908,681
air blower,877,177,31,58,6d9434660f64fb.jpg,908,681
display,356,98,199,91,6d9434660f64fb.jpg,908,681
 steering buttons,181,190,57,49,6d9434660f64fb.jpg,908,681
 steering buttons,0,204,31,44,6d9434660f64fb.jpg,908,681
 steering buttons,208,293,112,84,6dc1ede1e4874b.jpg,908,681
 steering buttons,570,290,127,91,6dc1ede1e4874b.jpg,908,681
light controller,74,256,84,89,6dc1ede1e4874b.jpg,908,681
air blower,15,174,157,81,6dc1ede1e4874b.jpg,908,681
air blower,721,166,187,96,6dc1ede1e4874b.jpg,908,681
 climate control,734,273,174,89,6dc1ede1e4874b.jpg,908,681
music system,761,404,147,92,6dc1ede1e4874b.jpg,908,681
display,739,24,169,145,6dc1ede1e4874b.jpg,908,681
gear lever,422,397,87,190,6e0fe7469429fe.jpg,908,681
drive switching,454,587,101,67,6e0fe7469429fe.jpg,908,681
display,360,123,198,83,6e0fe7469429fe.jpg,908,681
air blower,311,196,303,63,6e0fe7469429fe.jpg,908,681
 climate control,342,264,240,60,6e0fe7469429fe.jpg,908,681
music system,352,329,223,52,6e0fe7469429fe.jpg,908,681
 steering buttons,162,184,58,58,6e0fe7469429fe.jpg,908,681
 steering buttons,576,293,93,79,6f17858e2051dd.jpg,908,681
 steering buttons,247,281,77,86,6f17858e2051dd.jpg,908,681
air blower,87,249,115,130,6f17858e2051dd.jpg,908,681
air blower,716,274,192,92,6f17858e2051dd.jpg,908,681
light controller,118,388,91,58,6f17858e2051dd.jpg,908,681
display,710,171,198,108,6f17858e2051dd.jpg,908,681
 climate control,716,380,192,77,6f17858e2051dd.jpg,908,681
music system,717,452,191,67,6f17858e2051dd.jpg,908,681
gear lever,380,381,101,251,6fb8d2a778f92b.jpg,909,682
drive switching,481,517,115,91,6fb8d2a778f92b.jpg,909,682
 climate control,283,320,371,84,6fb8d2a778f92b.jpg,909,682
music system,267,260,382,66,6fb8d2a778f92b.jpg,909,682
air blower,258,151,408,95,6fb8d2a778f92b.jpg,909,682
display,306,45,300,117,6fb8d2a778f92b.jpg,909,682
 steering buttons,8,122,103,87,6fb8d2a778f92b.jpg,909,682
 steering buttons,549,297,94,99,71fc1fbf25a5ae.jpg,908,681
 steering buttons,200,292,115,96,71fc1fbf25a5ae.jpg,908,681
light controller,21,308,154,72,71fc1fbf25a5ae.jpg,908,681
air blower,12,224,199,86,71fc1fbf25a5ae.jpg,908,681
air blower,697,296,211,87,71fc1fbf25a5ae.jpg,908,681
display,698,169,210,127,71fc1fbf25a5ae.jpg,908,681
music system,707,399,201,76,71fc1fbf25a5ae.jpg,908,681
 climate control,734,466,174,99,71fc1fbf25a5ae.jpg,908,681
gear lever,369,457,77,152,759ff8bb3d6965.jpg,908,681
drive switching,473,539,92,73,759ff8bb3d6965.jpg,908,681
 climate control,297,390,278,70,759ff8bb3d6965.jpg,908,681
music system,288,335,290,52,759ff8bb3d6965.jpg,908,681
air blower,282,267,303,62,759ff8bb3d6965.jpg,908,681
air blower,857,218,51,47,759ff8bb3d6965.jpg,908,681
display,325,194,240,76,759ff8bb3d6965.jpg,908,681
 steering buttons,94,248,83,62,759ff8bb3d6965.jpg,908,681
 steering buttons,263,312,81,83,7864780353ee9c.jpg,908,681
 steering buttons,561,312,79,82,7864780353ee9c.jpg,908,681
display,716,141,192,130,7864780353ee9c.jpg,908,681
air blower,687,267,221,89,7864780353ee9c.jpg,908,681
music system,705,354,203,65,7864780353ee9c.jpg,908,681
 climate control,711,420,197,69,7864780353ee9c.jpg,908,681
air blower,127,267,126,69,7864780353ee9c.jpg,908,681
light controller,127,345,106,70,7864780353ee9c.jpg,908,681
gear lever,359,493,88,188,7a5866383eae9a.jpg,908,681
drive switching,477,619,116,62,7a5866383eae9a.jpg,908,681
music system,312,390,264,72,7a5866383eae9a.jpg,908,681
 climate control,294,320,302,77,7a5866383eae9a.jpg,908,681
air blower,289,239,327,72,7a5866383eae9a.jpg,908,681
display,330,160,262,84,7a5866383eae9a.jpg,908,681
 steering buttons,101,203,97,89,7a5866383eae9a.jpg,908,681
 steering buttons,581,322,115,106,7ae6fd55fe1652.jpg,908,681
 steering buttons,223,324,120,93,7ae6fd55fe1652.jpg,908,681
air blower,59,286,142,99,7ae6fd55fe1652.jpg,908,681
air blower,706,194,202,101,7ae6fd55fe1652.jpg,908,681
music system,727,295,181,76,7ae6fd55fe1652.jpg,908,681
 climate control,746,366,162,78,7ae6fd55fe1652.jpg,908,681
display,748,76,160,118,7ae6fd55fe1652.jpg,908,681
drive switching,528,541,86,115,7b31ef52dbc594.jpg,1000,750
gear lever,416,405,110,198,7b31ef52dbc594.jpg,1000,750
 climate control,339,258,270,68,7b31ef52dbc594.jpg,1000,750
music system,334,215,298,44,7b31ef52dbc594.jpg,1000,750
air blower,321,126,334,80,7b31ef52dbc594.jpg,1000,750
display,353,26,288,100,7b31ef52dbc594.jpg,1000,750
 steering buttons,165,180,75,89,7b31ef52dbc594.jpg,1000,750
 steering buttons,596,282,116,110,7c159c76423212.jpg,908,681
 steering buttons,199,276,115,116,7c159c76423212.jpg,908,681
display,760,159,148,132,7c159c76423212.jpg,908,681
air blower,774,296,134,87,7c159c76423212.jpg,908,681
air blower,106,190,147,81,7c159c76423212.jpg,908,681
music system,746,468,162,91,7c159c76423212.jpg,908,681
 climate control,759,548,149,86,7c159c76423212.jpg,908,681
gear lever,847,482,61,194,7c8dca0bd82bbe.jpg,908,681
 climate control,710,405,198,70,7c8dca0bd82bbe.jpg,908,681
music system,696,330,212,70,7c8dca0bd82bbe.jpg,908,681
air blower,683,249,225,81,7c8dca0bd82bbe.jpg,908,681
display,707,144,201,106,7c8dca0bd82bbe.jpg,908,681
 steering buttons,559,263,102,82,7c8dca0bd82bbe.jpg,908,681
 steering buttons,278,272,77,89,7c8dca0bd82bbe.jpg,908,681
light controller,162,247,98,67,7c8dca0bd82bbe.jpg,908,681
air blower,160,174,121,76,7c8dca0bd82bbe.jpg,908,681
 steering buttons,218,321,126,84,7d11fa1f6d53f0.jpg,908,681
 steering buttons,573,339,113,94,7d11fa1f6d53f0.jpg,908,681
display,761,83,147,164,7d11fa1f6d53f0.jpg,908,681
music system,766,315,142,78,7d11fa1f6d53f0.jpg,908,681
 climate control,771,424,137,83,7d11fa1f6d53f0.jpg,908,681
light controller,59,271,138,96,7d615a05613a83.jpg,908,681
air blower,69,184,157,91,7d615a05613a83.jpg,908,681
air blower,746,271,162,96,7d615a05613a83.jpg,908,681
music system,751,383,157,65,7d615a05613a83.jpg,908,681
 climate control,761,463,147,79,7d615a05613a83.jpg,908,681
display,776,140,132,132,7d615a05613a83.jpg,908,681
 steering buttons,579,259,112,103,7d615a05613a83.jpg,908,681
 steering buttons,234,259,107,106,7d615a05613a83.jpg,908,681
 steering buttons,238,315,115,83,7f11ad0d2cbf4c.jpg,908,681
 steering buttons,540,315,101,81,7f11ad0d2cbf4c.jpg,908,681
light controller,77,320,136,86,7f11ad0d2cbf4c.jpg,908,681
air blower,72,215,150,94,7f11ad0d2cbf4c.jpg,908,681
air blower,658,211,250,91,7f11ad0d2cbf4c.jpg,908,681
display,688,108,220,106,7f11ad0d2cbf4c.jpg,908,681
music system,673,303,235,58,7f11ad0d2cbf4c.jpg,908,681
 climate control,688,356,220,77,7f11ad0d2cbf4c.jpg,908,681
gear lever,822,554,86,127,7f11ad0d2cbf4c.jpg,908,681
light controller,69,290,93,76,7f60e736de34a6.jpg,908,681
air blower,68,204,191,79,7f60e736de34a6.jpg,908,681
air blower,744,269,164,82,7f60e736de34a6.jpg,908,681
display,701,149,207,125,7f60e736de34a6.jpg,908,681
music system,736,368,172,67,7f60e736de34a6.jpg,908,681
 climate control,751,431,157,92,7f60e736de34a6.jpg,908,681
 steering buttons,591,250,120,110,7f60e736de34a6.jpg,908,681
 steering buttons,194,253,123,99,7f60e736de34a6.jpg,908,681
display,731,169,177,115,7f6246fb677b4e.jpg,908,681
air blower,40,295,177,113,7f6246fb677b4e.jpg,908,681
air blower,698,279,210,86,7f6246fb677b4e.jpg,908,681
 climate control,749,420,159,84,7f6246fb677b4e.jpg,908,681
music system,783,505,125,98,7f6246fb677b4e.jpg,908,681
 steering buttons,274,303,78,73,7f6246fb677b4e.jpg,908,681
 steering buttons,570,305,76,76,7f6246fb677b4e.jpg,908,681
light controller,48,410,175,83,7f6246fb677b4e.jpg,908,681
gear lever,399,355,113,203,825cb921e102df.jpg,908,681
 climate control,320,295,250,72,825cb921e102df.jpg,908,681
music system,316,213,281,86,825cb921e102df.jpg,908,681
air blower,284,111,345,88,825cb921e102df.jpg,908,681
 steering buttons,101,93,97,78,825cb921e102df.jpg,908,681
display,284,40,366,73,825cb921e102df.jpg,908,681
gear lever,409,394,104,193,85dce5265722bf.jpg,908,681
drive switching,449,597,107,68,85dce5265722bf.jpg,908,681
 steering buttons,122,176,91,72,85dce5265722bf.jpg,908,681
display,341,57,239,99,85dce5265722bf.jpg,908,681
air blower,301,157,322,62,85dce5265722bf.jpg,908,681
 climate control,333,227,252,67,85dce5265722bf.jpg,908,681
music system,337,290,243,62,85dce5265722bf.jpg,908,681
 steering buttons,182,266,112,140,86253ac52ae2cb.jpg,909,682
 steering buttons,596,280,115,131,86253ac52ae2cb.jpg,909,682
light controller,30,344,95,84,86253ac52ae2cb.jpg,909,682
air blower,21,255,113,97,86253ac52ae2cb.jpg,909,682
air blower,755,213,154,108,86253ac52ae2cb.jpg,909,682
 climate control,732,439,177,92,86253ac52ae2cb.jpg,909,682
music system,760,339,149,102,86253ac52ae2cb.jpg,909,682
 steering buttons,288,272,91,83,865e4c43c0b340.jpg,908,681
 steering buttons,546,276,87,89,865e4c43c0b340.jpg,908,681
air blower,662,179,246,112,865e4c43c0b340.jpg,908,681
air blower,169,164,128,122,865e4c43c0b340.jpg,908,681
light controller,179,295,81,78,865e4c43c0b340.jpg,908,681
gear lever,756,477,135,204,865e4c43c0b340.jpg,908,681
music system,675,385,233,64,865e4c43c0b340.jpg,908,681
 climate control,675,307,233,78,865e4c43c0b340.jpg,908,681
display,656,68,245,113,865e4c43c0b340.jpg,908,681
display,276,34,364,160,87710f3a7a8428.jpg,908,681
air blower,194,201,511,128,87710f3a7a8428.jpg,908,681
 steering buttons,0,123,87,91,87710f3a7a8428.jpg,908,681
 climate control,257,334,356,81,87710f3a7a8428.jpg,908,681
music system,259,405,341,84,87710f3a7a8428.jpg,908,681
gear lever,361,487,113,194,87710f3a7a8428.jpg,908,681
drive switching,474,618,111,63,87710f3a7a8428.jpg,908,681
 steering buttons,591,262,118,118,89f347c9e5628f.jpg,908,681
 steering buttons,213,264,106,98,89f347c9e5628f.jpg,908,681
air blower,787,273,121,86,89f347c9e5628f.jpg,908,681
air blower,85,276,58,77,89f347c9e5628f.jpg,908,681
 climate control,790,363,118,77,89f347c9e5628f.jpg,908,681
music system,769,439,139,62,89f347c9e5628f.jpg,908,681
gear lever,404,425,62,164,8b2b11e10f2300.jpg,908,681
drive switching,479,505,84,59,8b2b11e10f2300.jpg,908,681
 climate control,330,379,238,59,8b2b11e10f2300.jpg,908,681
music system,320,320,261,55,8b2b11e10f2300.jpg,908,681
air blower,315,264,281,55,8b2b11e10f2300.jpg,908,681
air blower,823,206,85,48,8b2b11e10f2300.jpg,908,681
display,349,190,206,76,8b2b11e10f2300.jpg,908,681
 steering buttons,160,250,64,64,8b2b11e10f2300.jpg,908,681
 steering buttons,215,249,93,106,8ba203d688b684.jpg,908,681
 steering buttons,599,257,106,96,8ba203d688b684.jpg,908,681
air blower,764,250,144,98,8ba203d688b684.jpg,908,681
air blower,0,240,150,91,8ba203d688b684.jpg,908,681
light controller,21,345,121,88,8ba203d688b684.jpg,908,681
 climate control,798,352,110,94,8ba203d688b684.jpg,908,681
music system,814,446,94,92,8ba203d688b684.jpg,908,681
display,763,111,145,133,8ba203d688b684.jpg,908,681
gear lever,423,404,67,128,8cb593255cdc34.jpg,908,681
drive switching,482,478,72,52,8cb593255cdc34.jpg,908,681
music system,374,352,174,53,8cb593255cdc34.jpg,908,681
 climate control,360,313,196,42,8cb593255cdc34.jpg,908,681
air blower,331,247,284,63,8cb593255cdc34.jpg,908,681
air blower,844,225,64,73,8cb593255cdc34.jpg,908,681
display,357,149,234,86,8cb593255cdc34.jpg,908,681
 steering buttons,214,204,69,72,8cb593255cdc34.jpg,908,681
 steering buttons,33,218,59,58,8cb593255cdc34.jpg,908,681
gear lever,423,511,77,161,8ef6a291bbad08.jpg,908,681
 climate control,355,381,247,58,8ef6a291bbad08.jpg,908,681
music system,350,339,262,43,8ef6a291bbad08.jpg,908,681
air blower,332,273,300,57,8ef6a291bbad08.jpg,908,681
display,369,194,235,82,8ef6a291bbad08.jpg,908,681
 steering buttons,176,307,83,77,8ef6a291bbad08.jpg,908,681
gear lever,444,352,89,175,8fe913176cf1a0.jpg,908,681
drive switching,540,473,87,87,8fe913176cf1a0.jpg,908,681
 climate control,366,239,249,54,8fe913176cf1a0.jpg,908,681
music system,354,190,278,45,8fe913176cf1a0.jpg,908,681
air blower,352,121,297,64,8fe913176cf1a0.jpg,908,681
display,389,42,239,81,8fe913176cf1a0.jpg,908,681
 steering buttons,205,159,74,77,8fe913176cf1a0.jpg,908,681
 steering buttons,0,167,56,72,8fe913176cf1a0.jpg,908,681
gear lever,418,383,81,180,8ffd1d534287d8.jpg,908,681
drive switching,459,561,87,42,8ffd1d534287d8.jpg,908,681
music system,359,318,211,59,8ffd1d534287d8.jpg,908,681
 climate control,350,254,230,67,8ffd1d534287d8.jpg,908,681
air blower,298,195,321,67,8ffd1d534287d8.jpg,908,681
display,332,111,249,94,8ffd1d534287d8.jpg,908,681
 steering buttons,141,132,70,74,8ffd1d534287d8.jpg,908,681
light controller,30,298,172,102,906f3dab08e3f0.jpg,908,681
air blower,28,179,186,116,906f3dab08e3f0.jpg,908,681
air blower,696,213,212,96,906f3dab08e3f0.jpg,908,681
display,734,78,174,131,906f3dab08e3f0.jpg,908,681
music system,722,310,186,59,906f3dab08e3f0.jpg,908,681
 climate control,721,364,187,89,906f3dab08e3f0.jpg,908,681
 steering buttons,581,316,89,96,906f3dab08e3f0.jpg,908,681
 steering buttons,239,307,104,107,906f3dab08e3f0.jpg,908,681
 steering buttons,215,313,98,98,92babd525f5a3d.jpg,908,681
 steering buttons,603,307,104,113,92babd525f5a3d.jpg,908,681
display,724,84,184,108,92babd525f5a3d.jpg,908,681
air blower,721,186,187,89,92babd525f5a3d.jpg,908,681
air blower,117,189,142,86,92babd525f5a3d.jpg,908,681
music system,765,274,143,65,92babd525f5a3d.jpg,908,681
 climate control,761,336,147,74,92babd525f5a3d.jpg,908,681
air blower,318,205,278,84,94ca693134b908.jpg,908,681
display,357,138,210,76,94ca693134b908.jpg,908,681
 climate control,322,291,263,55,94ca693134b908.jpg,908,681
music system,331,339,244,59,94ca693134b908.jpg,908,681
gear lever,379,398,86,184,94ca693134b908.jpg,908,681
drive switching,461,507,93,68,94ca693134b908.jpg,908,681
 steering buttons,157,164,64,57,94ca693134b908.jpg,908,681
gear lever,370,320,97,156,957529e8a106dc.jpg,908,681
drive switching,449,432,82,67,957529e8a106dc.jpg,908,681
 climate control,327,229,205,52,957529e8a106dc.jpg,908,681
 steering buttons,199,174,48,60,957529e8a106dc.jpg,908,681
 steering buttons,7,180,60,60,957529e8a106dc.jpg,908,681
display,349,75,180,70,957529e8a106dc.jpg,908,681
air blower,298,138,251,55,957529e8a106dc.jpg,908,681
music system,315,196,219,34,957529e8a106dc.jpg,908,681
air blower,793,138,94,67,957529e8a106dc.jpg,908,681
 steering buttons,586,297,113,104,9682a4c06a7d2a.jpg,908,681
 steering buttons,216,305,92,92,9682a4c06a7d2a.jpg,908,681
display,805,68,103,121,9682a4c06a7d2a.jpg,908,681
air blower,721,188,187,96,9682a4c06a7d2a.jpg,908,681
air blower,30,219,152,102,9682a4c06a7d2a.jpg,908,681
music system,743,290,165,68,9682a4c06a7d2a.jpg,908,681
 climate control,725,360,183,83,9682a4c06a7d2a.jpg,908,681
display,746,104,162,132,96954280be5e53.jpg,908,681
air blower,719,240,189,93,96954280be5e53.jpg,908,681
air blower,84,234,128,91,96954280be5e53.jpg,908,681
light controller,85,325,107,92,96954280be5e53.jpg,908,681
music system,745,337,163,73,96954280be5e53.jpg,908,681
 climate control,743,403,165,88,96954280be5e53.jpg,908,681
 steering buttons,578,284,93,89,96954280be5e53.jpg,908,681
 steering buttons,233,293,98,82,96954280be5e53.jpg,908,681
light controller,53,268,152,74,97af983959968e.jpg,908,681
air blower,58,190,175,73,97af983959968e.jpg,908,681
air blower,734,249,174,96,97af983959968e.jpg,908,681
 steering buttons,248,277,84,83,97af983959968e.jpg,908,681
 steering buttons,574,258,111,94,97af983959968e.jpg,908,681
music system,758,365,150,60,97af983959968e.jpg,908,681
 climate control,776,427,132,92,97af983959968e.jpg,908,681
display,737,123,171,131,97af983959968e.jpg,908,681
light controller,117,380,82,76,98e777980fb02b.jpg,908,681
air blower,82,238,116,140,98e777980fb02b.jpg,908,681
air blower,719,316,189,102,98e777980fb02b.jpg,908,681
 steering buttons,576,287,91,92,98e777980fb02b.jpg,908,681
 steering buttons,248,296,64,78,98e777980fb02b.jpg,908,681
 climate control,705,424,203,67,98e777980fb02b.jpg,908,681
music system,721,490,187,62,98e777980fb02b.jpg,908,681
display,730,215,178,96,98e777980fb02b.jpg,908,681
 steering buttons,535,287,81,88,998519f36187c8.jpg,908,681
 steering buttons,238,307,91,79,998519f36187c8.jpg,908,681
gear lever,807,488,98,130,998519f36187c8.jpg,908,681
display,675,169,228,94,998519f36187c8.jpg,908,681
 climate control,677,400,231,70,998519f36187c8.jpg,908,681
music system,657,335,251,62,998519f36187c8.jpg,908,681
air blower,656,262,252,68,998519f36187c8.jpg,908,681
air blower,127,218,130,53,998519f36187c8.jpg,908,681
light controller,131,274,86,64,998519f36187c8.jpg,908,681
gear lever,389,366,69,131,9c0ca13304d7ff.jpg,908,681
drive switching,476,462,70,35,9c0ca13304d7ff.jpg,908,681
music system,341,298,195,43,9c0ca13304d7ff.jpg,908,681
 climate control,343,249,191,49,9c0ca13304d7ff.jpg,908,681
air blower,328,189,232,50,9c0ca13304d7ff.jpg,908,681
air blower,805,159,91,48,9c0ca13304d7ff.jpg,908,681
display,364,132,171,57,9c0ca13304d7ff.jpg,908,681
 steering buttons,192,179,81,60,9c0ca13304d7ff.jpg,908,681
 steering buttons,14,184,63,47,9c0ca13304d7ff.jpg,908,681
 steering buttons,581,279,86,76,9c71a6061c6348.jpg,908,681
 steering buttons,239,292,79,76,9c71a6061c6348.jpg,908,681
light controller,72,370,121,70,9c71a6061c6348.jpg,908,681
air blower,46,277,151,79,9c71a6061c6348.jpg,908,681
air blower,721,274,187,81,9c71a6061c6348.jpg,908,681
display,706,159,202,120,9c71a6061c6348.jpg,908,681
 climate control,737,350,171,96,9c71a6061c6348.jpg,908,681
music system,774,441,134,81,9c71a6061c6348.jpg,908,681
gear lever,395,423,79,161,9dd642e67067d2.jpg,908,681
drive switching,501,529,79,63,9dd642e67067d2.jpg,908,681
music system,351,334,219,49,9dd642e67067d2.jpg,908,681
 climate control,346,271,234,59,9dd642e67067d2.jpg,908,681
air blower,333,201,279,62,9dd642e67067d2.jpg,908,681
display,372,137,228,72,9dd642e67067d2.jpg,908,681
 steering buttons,171,198,72,55,9dd642e67067d2.jpg,908,681
music system,696,327,212,47,9e23a29a41ea7a.jpg,908,681
 climate control,696,376,212,69,9e23a29a41ea7a.jpg,908,681
display,681,151,227,93,9e23a29a41ea7a.jpg,908,681
air blower,688,240,220,74,9e23a29a41ea7a.jpg,908,681
air blower,128,243,146,76,9e23a29a41ea7a.jpg,908,681
light controller,147,335,96,65,9e23a29a41ea7a.jpg,908,681
gear lever,870,546,38,135,9e23a29a41ea7a.jpg,908,681
 steering buttons,569,302,83,93,9e23a29a41ea7a.jpg,908,681
 steering buttons,274,311,83,76,9e23a29a41ea7a.jpg,908,681
 steering buttons,197,284,116,94,9f0114e052d396.jpg,908,681
 steering buttons,595,296,96,94,9f0114e052d396.jpg,908,681
air blower,643,205,265,89,9f0114e052d396.jpg,908,681
air blower,58,193,195,91,9f0114e052d396.jpg,908,681
music system,736,413,172,68,9f0114e052d396.jpg,908,681
light controller,69,342,138,82,a02150da57736b.jpg,908,681
air blower,721,301,187,88,a02150da57736b.jpg,908,681
air blower,63,248,146,94,a02150da57736b.jpg,908,681
display,735,188,173,120,a02150da57736b.jpg,908,681
 climate control,731,394,177,93,a02150da57736b.jpg,908,681
music system,744,485,164,79,a02150da57736b.jpg,908,681
 steering buttons,575,284,104,101,a02150da57736b.jpg,908,681
 steering buttons,230,290,118,93,a02150da57736b.jpg,908,681
gear lever,394,365,98,201,a11b0244204281.jpg,908,681
drive switching,515,461,99,82,a11b0244204281.jpg,908,681
 climate control,321,293,279,82,a11b0244204281.jpg,908,681
music system,316,239,291,57,a11b0244204281.jpg,908,681
air blower,304,169,311,64,a11b0244204281.jpg,908,681
air blower,868,111,40,60,a11b0244204281.jpg,908,681
display,333,76,261,96,a11b0244204281.jpg,908,681
 steering buttons,129,193,68,64,a11b0244204281.jpg,908,681
 steering buttons,563,321,103,84,a11db4f610042e.jpg,908,681
 steering buttons,231,327,121,83,a11db4f610042e.jpg,908,681
light controller,108,359,98,67,a11db4f610042e.jpg,908,681
air blower,89,278,126,72,a11db4f610042e.jpg,908,681
air blower,711,282,197,92,a11db4f610042e.jpg,908,681
display,734,159,174,126,a11db4f610042e.jpg,908,681
music system,731,378,177,63,a11db4f610042e.jpg,908,681
 climate control,726,436,182,92,a11db4f610042e.jpg,908,681
light controller,29,276,135,86,a1bf34727aef71.jpg,908,681
air blower,26,184,183,92,a1bf34727aef71.jpg,908,681
air blower,782,259,126,111,a1bf34727aef71.jpg,908,681
display,799,118,109,146,a1bf34727aef71.jpg,908,681
music system,809,383,99,92,a1bf34727aef71.jpg,908,681
 climate control,819,468,89,107,a1bf34727aef71.jpg,908,681
 steering buttons,602,249,120,125,a1bf34727aef71.jpg,908,681
 steering buttons,201,259,111,106,a1bf34727aef71.jpg,908,681
gear lever,395,325,82,167,a210830ac5a24a.jpg,908,681
drive switching,476,431,101,58,a210830ac5a24a.jpg,908,681
 climate control,318,300,297,72,a210830ac5a24a.jpg,908,681
music system,303,247,326,55,a210830ac5a24a.jpg,908,681
air blower,299,174,326,62,a210830ac5a24a.jpg,908,681
display,338,98,261,86,a210830ac5a24a.jpg,908,681
 steering buttons,108,131,96,74,a210830ac5a24a.jpg,908,681
gear lever,454,351,89,176,a28b3ee99cf74c.jpg,908,681
drive switching,495,534,93,72,a28b3ee99cf74c.jpg,908,681
music system,381,279,210,55,a28b3ee99cf74c.jpg,908,681
 climate control,369,224,232,57,a28b3ee99cf74c.jpg,908,681
air blower,337,157,298,59,a28b3ee99cf74c.jpg,908,681
display,354,74,245,86,a28b3ee99cf74c.jpg,908,681
 steering buttons,206,183,67,57,a28b3ee99cf74c.jpg,908,681
 steering buttons,1,179,64,57,a28b3ee99cf74c.jpg,908,681
 steering buttons,267,284,104,103,a4d920f898074c.jpg,908,681
 steering buttons,596,295,96,97,a4d920f898074c.jpg,908,681
air blower,117,220,144,86,a4d920f898074c.jpg,908,681
air blower,677,185,231,84,a4d920f898074c.jpg,908,681
display,740,91,168,102,a4d920f898074c.jpg,908,681
 climate control,739,330,169,70,a4d920f898074c.jpg,908,681
music system,736,271,172,54,a4d920f898074c.jpg,908,681
gear lever,411,428,113,154,a4e2adc78da64e.jpg,908,681
drive switching,443,571,123,73,a4e2adc78da64e.jpg,908,681
music system,335,300,256,81,a4e2adc78da64e.jpg,908,681
 climate control,322,237,293,65,a4e2adc78da64e.jpg,908,681
air blower,302,164,339,67,a4e2adc78da64e.jpg,908,681
display,336,55,259,104,a4e2adc78da64e.jpg,908,681
 steering buttons,122,133,72,81,a4e2adc78da64e.jpg,908,681
light controller,162,322,93,64,a57c0d1c044af3.jpg,908,681
air blower,157,248,103,68,a57c0d1c044af3.jpg,908,681
air blower,629,245,279,72,a57c0d1c044af3.jpg,908,681
display,636,154,225,92,a57c0d1c044af3.jpg,908,681
 steering buttons,536,303,64,74,a57c0d1c044af3.jpg,908,681
 steering buttons,288,303,64,63,a57c0d1c044af3.jpg,908,681
gear lever,746,498,102,180,a57c0d1c044af3.jpg,908,681
 climate control,628,357,263,60,a57c0d1c044af3.jpg,908,681
music system,632,316,276,44,a57c0d1c044af3.jpg,908,681
 steering buttons,199,264,120,108,a6103ed46dae5e.jpg,908,681
 steering buttons,596,266,113,97,a6103ed46dae5e.jpg,908,681
display,779,118,129,140,a6103ed46dae5e.jpg,908,681
air blower,779,264,129,97,a6103ed46dae5e.jpg,908,681
air blower,0,278,156,92,a6103ed46dae5e.jpg,908,681
light controller,12,375,145,97,a6103ed46dae5e.jpg,908,681
 climate control,807,374,101,97,a6103ed46dae5e.jpg,908,681
music system,817,466,91,87,a6103ed46dae5e.jpg,908,681
 steering buttons,568,293,104,87,a61e9101d2ba1e.jpg,908,681
 steering buttons,215,302,118,96,a61e9101d2ba1e.jpg,908,681
air blower,48,259,146,96,a61e9101d2ba1e.jpg,908,681
air blower,680,201,228,98,a61e9101d2ba1e.jpg,908,681
light controller,65,390,135,77,a61e9101d2ba1e.jpg,908,681
 climate control,722,365,186,82,a61e9101d2ba1e.jpg,908,681
music system,716,302,192,63,a61e9101d2ba1e.jpg,908,681
display,736,89,172,116,a61e9101d2ba1e.jpg,908,681
light controller,72,305,133,83,a72f9ede15e02c.jpg,908,681
air blower,72,205,161,88,a72f9ede15e02c.jpg,908,681
air blower,692,189,216,81,a72f9ede15e02c.jpg,908,681
display,695,76,213,116,a72f9ede15e02c.jpg,908,681
 climate control,702,342,206,76,a72f9ede15e02c.jpg,908,681
music system,696,281,212,62,a72f9ede15e02c.jpg,908,681
gear lever,867,521,41,160,a72f9ede15e02c.jpg,908,681
 steering buttons,561,293,99,108,a72f9ede15e02c.jpg,908,681
 steering buttons,238,288,111,102,a72f9ede15e02c.jpg,908,681
 steering buttons,221,300,107,92,a9981f7137d516.jpg,908,681
 steering buttons,583,305,116,111,a9981f7137d516.jpg,908,681
display,751,108,157,118,a9981f7137d516.jpg,908,681
air blower,741,223,167,91,a9981f7137d516.jpg,908,681
music system,744,320,164,67,a9981f7137d516.jpg,908,681
 climate control,741,385,167,79,a9981f7137d516.jpg,908,681
gear lever,375,410,112,219,aacc228be524a8.jpg,908,681
drive switching,479,593,104,79,aacc228be524a8.jpg,908,681
 climate control,294,271,288,67,aacc228be524a8.jpg,908,681
music system,284,228,313,44,aacc228be524a8.jpg,908,681
air blower,281,152,332,73,aacc228be524a8.jpg,908,681
display,342,73,230,84,aacc228be524a8.jpg,908,681
 steering buttons,109,199,79,88,aacc228be524a8.jpg,908,681
gear lever,391,410,107,194,ab0d4c14c0819a.jpg,908,681
drive switching,484,563,91,93,ab0d4c14c0819a.jpg,908,681
 climate control,321,279,259,58,ab0d4c14c0819a.jpg,908,681
music system,311,237,279,44,ab0d4c14c0819a.jpg,908,681
air blower,299,164,301,70,ab0d4c14c0819a.jpg,908,681
display,365,88,185,81,ab0d4c14c0819a.jpg,908,681
 steering buttons,132,217,76,81,ab0d4c14c0819a.jpg,908,681
 steering buttons,591,269,94,94,ab1640690ae3b9.jpg,908,681
 steering buttons,229,290,103,87,ab1640690ae3b9.jpg,908,681
air blower,15,286,172,93,ab1640690ae3b9.jpg,908,681
air blower,740,300,168,97,ab1640690ae3b9.jpg,908,681
music system,768,429,140,102,ab1640690ae3b9.jpg,908,681
 climate control,775,546,133,84,ab1640690ae3b9.jpg,908,681
light controller,58,381,131,86,ab1640690ae3b9.jpg,908,681
air blower,716,225,192,101,abd4aa8608879b.jpg,908,681
air blower,11,254,170,84,abd4aa8608879b.jpg,908,681
light controller,26,350,161,96,abd4aa8608879b.jpg,908,681
 steering buttons,575,272,104,107,abd4aa8608879b.jpg,908,681
 steering buttons,213,273,111,93,abd4aa8608879b.jpg,908,681
 climate control,751,451,157,108,abd4aa8608879b.jpg,908,681
music system,748,352,160,102,abd4aa8608879b.jpg,908,681
 steering buttons,250,295,110,77,ae2609acaf8fd4.jpg,908,681
 steering buttons,559,308,77,63,ae2609acaf8fd4.jpg,908,681
 climate control,691,427,217,89,ae2609acaf8fd4.jpg,908,681
music system,681,342,227,98,ae2609acaf8fd4.jpg,908,681
light controller,131,359,86,68,ae2609acaf8fd4.jpg,908,681
air blower,117,253,111,101,ae2609acaf8fd4.jpg,908,681
air blower,658,218,250,112,ae2609acaf8fd4.jpg,908,681
display,766,189,142,106,aee764ac45103e.jpg,908,681
air blower,730,291,178,115,aee764ac45103e.jpg,908,681
air blower,39,268,159,97,aee764ac45103e.jpg,908,681
light controller,40,380,149,91,aee764ac45103e.jpg,908,681
 steering buttons,244,271,99,91,aee764ac45103e.jpg,908,681
 steering buttons,570,274,96,93,aee764ac45103e.jpg,908,681
 climate control,754,431,154,106,aee764ac45103e.jpg,908,681
music system,787,536,121,104,aee764ac45103e.jpg,908,681
 steering buttons,172,311,130,115,af55c0ac4ec8c6.jpg,908,681
 steering buttons,559,303,125,120,af55c0ac4ec8c6.jpg,908,681
gear lever,283,388,103,121,b03184d0f91b67.jpg,908,681
drive switching,325,488,110,83,b03184d0f91b67.jpg,908,681
 climate control,364,300,181,97,b03184d0f91b67.jpg,908,681
air blower,381,203,194,82,b03184d0f91b67.jpg,908,681
air blower,848,206,60,72,b03184d0f91b67.jpg,908,681
display,413,121,203,83,b03184d0f91b67.jpg,908,681
 steering buttons,560,291,106,89,b20ce0fe97d931.jpg,908,681
 steering buttons,277,298,82,72,b20ce0fe97d931.jpg,908,681
light controller,112,288,133,74,b20ce0fe97d931.jpg,908,681
air blower,127,214,135,78,b20ce0fe97d931.jpg,908,681
air blower,707,283,201,81,b20ce0fe97d931.jpg,908,681
display,724,170,184,120,b20ce0fe97d931.jpg,908,681
music system,716,365,192,69,b20ce0fe97d931.jpg,908,681
 climate control,736,434,172,102,b20ce0fe97d931.jpg,908,681
light controller,107,316,91,78,b24eee4624097f.jpg,908,681
 steering buttons,231,303,97,102,b24eee4624097f.jpg,908,681
 steering buttons,568,307,104,103,b24eee4624097f.jpg,908,681
display,714,175,194,126,b24eee4624097f.jpg,908,681
air blower,712,295,196,87,b24eee4624097f.jpg,908,681
air blower,95,232,145,87,b24eee4624097f.jpg,908,681
 climate control,720,388,188,78,b24eee4624097f.jpg,908,681
music system,693,466,215,91,b24eee4624097f.jpg,908,681
 steering buttons,243,281,91,91,b55faa93ce2a77.jpg,909,682
 steering buttons,587,299,110,102,b55faa93ce2a77.jpg,909,682
air blower,82,265,118,137,b55faa93ce2a77.jpg,909,682
light controller,114,420,129,73,b55faa93ce2a77.jpg,909,682
gear lever,384,395,117,223,b893152cbae0c8.jpg,908,681
drive switching,537,496,91,86,b893152cbae0c8.jpg,908,681
 climate control,303,318,305,69,b893152cbae0c8.jpg,908,681
display,317,65,278,116,b893152cbae0c8.jpg,908,681
air blower,283,177,356,74,b893152cbae0c8.jpg,908,681
 steering buttons,104,191,83,79,b893152cbae0c8.jpg,908,681
air blower,867,106,41,73,b893152cbae0c8.jpg,908,681
music system,294,257,327,59,b893152cbae0c8.jpg,908,681
 steering buttons,607,267,98,108,b911e8c10f4136.jpg,908,681
 steering buttons,213,276,93,94,b911e8c10f4136.jpg,908,681
air blower,78,230,74,132,b911e8c10f4136.jpg,908,681
display,745,135,163,133,b911e8c10f4136.jpg,908,681
air blower,766,263,137,107,b911e8c10f4136.jpg,908,681
 climate control,768,373,140,83,b911e8c10f4136.jpg,908,681
music system,756,458,152,59,b911e8c10f4136.jpg,908,681
gear lever,389,420,106,234,b985ef2adaac53.jpg,908,681
drive switching,496,544,87,82,b985ef2adaac53.jpg,908,681
 climate control,318,274,322,59,b985ef2adaac53.jpg,908,681
air blower,303,157,349,115,b985ef2adaac53.jpg,908,681
display,327,68,293,106,b985ef2adaac53.jpg,908,681
 steering buttons,116,152,78,79,b985ef2adaac53.jpg,908,681
music system,337,333,263,66,b985ef2adaac53.jpg,908,681
gear lever,384,375,123,211,bb93b1de258971.jpg,908,681
drive switching,493,543,92,68,bb93b1de258971.jpg,908,681
 climate control,318,250,290,58,bb93b1de258971.jpg,908,681
air blower,283,116,357,88,bb93b1de258971.jpg,908,681
display,349,34,249,91,bb93b1de258971.jpg,908,681
 steering buttons,114,133,88,106,bb93b1de258971.jpg,908,681
music system,298,198,329,51,bb93b1de258971.jpg,908,681
gear lever,400,385,84,188,bbf36ea38b1eb3.jpg,908,681
drive switching,491,522,87,79,bbf36ea38b1eb3.jpg,908,681
 climate control,318,271,263,55,bbf36ea38b1eb3.jpg,908,681
air blower,309,156,293,78,bbf36ea38b1eb3.jpg,908,681
display,338,79,244,84,bbf36ea38b1eb3.jpg,908,681
 steering buttons,132,211,69,81,bbf36ea38b1eb3.jpg,908,681
music system,310,228,276,40,bbf36ea38b1eb3.jpg,908,681
gear lever,404,409,99,170,bc0155c0808df8.jpg,908,681
drive switching,428,571,104,88,bc0155c0808df8.jpg,908,681
 climate control,337,258,243,73,bc0155c0808df8.jpg,908,681
air blower,303,167,318,72,bc0155c0808df8.jpg,908,681
display,328,69,267,103,bc0155c0808df8.jpg,908,681
 steering buttons,147,155,82,64,bc0155c0808df8.jpg,908,681
music system,347,332,220,74,bc0155c0808df8.jpg,908,681
gear lever,409,315,97,154,be97284e866569.jpg,908,681
drive switching,478,433,87,64,be97284e866569.jpg,908,681
 climate control,355,214,225,54,be97284e866569.jpg,908,681
air blower,337,113,263,58,be97284e866569.jpg,908,681
air blower,844,135,64,74,be97284e866569.jpg,908,681
display,384,35,184,88,be97284e866569.jpg,908,681
 steering buttons,221,164,77,55,be97284e866569.jpg,908,681
 steering buttons,41,164,60,64,be97284e866569.jpg,908,681
music system,348,177,231,35,be97284e866569.jpg,908,681
gear lever,371,410,125,206,c230712b77a0b2.jpg,908,681
drive switching,479,548,122,107,c230712b77a0b2.jpg,908,681
 climate control,289,285,297,62,c230712b77a0b2.jpg,908,681
air blower,268,152,349,71,c230712b77a0b2.jpg,908,681
display,332,67,263,88,c230712b77a0b2.jpg,908,681
 steering buttons,107,196,92,77,c230712b77a0b2.jpg,908,681
music system,290,230,307,53,c230712b77a0b2.jpg,908,681
gear lever,399,374,106,157,c4fa13a53c1777.jpg,908,681
drive switching,442,519,69,53,c4fa13a53c1777.jpg,908,681
 climate control,362,281,191,55,c4fa13a53c1777.jpg,908,681
 steering buttons,226,190,49,52,c4fa13a53c1777.jpg,908,681
 steering buttons,40,182,67,60,c4fa13a53c1777.jpg,908,681
display,371,149,189,63,c4fa13a53c1777.jpg,908,681
air blower,340,207,237,64,c4fa13a53c1777.jpg,908,681
air blower,811,196,97,71,c4fa13a53c1777.jpg,908,681
air blower,0,192,33,60,c4fa13a53c1777.jpg,908,681
light controller,0,254,50,59,c4fa13a53c1777.jpg,908,681
music system,373,338,158,44,c4fa13a53c1777.jpg,908,681
gear lever,369,400,126,235,c5a42cce155211.jpg,908,681
drive switching,472,525,108,81,c5a42cce155211.jpg,908,681
air blower,287,156,341,101,c5a42cce155211.jpg,908,681
display,316,79,284,82,c5a42cce155211.jpg,908,681
 climate control,304,254,315,70,c5a42cce155211.jpg,908,681
 steering buttons,89,130,98,74,c5a42cce155211.jpg,908,681
music system,322,325,277,57,c5a42cce155211.jpg,908,681
gear lever,395,383,144,179,ca2077c0b634c2.jpg,908,681
drive switching,454,551,92,65,ca2077c0b634c2.jpg,908,681
 climate control,351,248,227,62,ca2077c0b634c2.jpg,908,681
air blower,308,145,337,84,ca2077c0b634c2.jpg,908,681
 steering buttons,170,141,70,78,ca2077c0b634c2.jpg,908,681
display,369,70,232,76,ca2077c0b634c2.jpg,908,681
music system,370,306,197,61,ca2077c0b634c2.jpg,908,681
gear lever,410,287,74,174,cbb02855cf9d86.jpg,908,681
drive switching,495,370,81,79,cbb02855cf9d86.jpg,908,681
 climate control,335,243,276,60,cbb02855cf9d86.jpg,908,681
air blower,318,136,303,52,cbb02855cf9d86.jpg,908,681
air blower,848,84,60,62,cbb02855cf9d86.jpg,908,681
air blower,0,82,41,44,cbb02855cf9d86.jpg,908,681
 steering buttons,177,111,77,68,cbb02855cf9d86.jpg,908,681
 steering buttons,0,118,36,57,cbb02855cf9d86.jpg,908,681
display,320,38,277,102,cbb02855cf9d86.jpg,908,681
music system,325,194,284,48,cbb02855cf9d86.jpg,908,681
 steering buttons,199,254,130,106,cc7e566e3763ef.jpg,908,681
 steering buttons,593,245,130,111,cc7e566e3763ef.jpg,908,681
light controller,24,287,132,83,cc7e566e3763ef.jpg,908,681
air blower,26,175,176,115,cc7e566e3763ef.jpg,908,681
air blower,771,261,137,104,cc7e566e3763ef.jpg,908,681
music system,782,366,126,96,cc7e566e3763ef.jpg,908,681
 climate control,817,468,91,101,cc7e566e3763ef.jpg,908,681
drive switching,466,498,103,91,cc874ef0cb17f6.jpg,908,681
gear lever,399,420,88,172,cc874ef0cb17f6.jpg,908,681
 climate control,318,374,282,76,cc874ef0cb17f6.jpg,908,681
air blower,312,249,292,66,cc874ef0cb17f6.jpg,908,681
display,317,169,274,88,cc874ef0cb17f6.jpg,908,681
 steering buttons,147,242,76,69,cc874ef0cb17f6.jpg,908,681
music system,318,331,282,41,cc874ef0cb17f6.jpg,908,681
 steering buttons,224,333,233,194,cd138c62a5e3d8.jpg,2000,1500
gear lever,890,804,230,446,cd138c62a5e3d8.jpg,2000,1500
drive switching,1067,1159,263,158,cd138c62a5e3d8.jpg,2000,1500
 climate control,660,516,682,141,cd138c62a5e3d8.jpg,2000,1500
air blower,635,233,771,152,cd138c62a5e3d8.jpg,2000,1500
display,732,33,602,216,cd138c62a5e3d8.jpg,2000,1500
music system,658,403,680,111,cd138c62a5e3d8.jpg,2000,1500
gear lever,374,365,120,225,cf49150dbd8236.jpg,908,681
drive switching,492,476,118,87,cf49150dbd8236.jpg,908,681
 climate control,293,340,347,81,cf49150dbd8236.jpg,908,681
air blower,288,209,364,60,cf49150dbd8236.jpg,908,681
display,335,132,261,81,cf49150dbd8236.jpg,908,681
 steering buttons,95,144,111,83,cf49150dbd8236.jpg,908,681
music system,294,272,342,55,cf49150dbd8236.jpg,908,681
 steering buttons,586,325,92,93,cf729a3896ae5f.jpg,908,681
 steering buttons,235,310,115,96,cf729a3896ae5f.jpg,908,681
light controller,46,290,170,101,cf729a3896ae5f.jpg,908,681
air blower,73,184,145,96,cf729a3896ae5f.jpg,908,681
air blower,709,222,199,98,cf729a3896ae5f.jpg,908,681
 climate control,716,390,192,65,cf729a3896ae5f.jpg,908,681
display,711,110,197,120,cf729a3896ae5f.jpg,908,681
music system,716,322,192,65,cf729a3896ae5f.jpg,908,681
gear lever,403,413,155,249,d02d338e32545d.jpg,908,681
 climate control,318,269,262,73,d02d338e32545d.jpg,908,681
air blower,298,165,327,102,d02d338e32545d.jpg,908,681
display,338,81,248,93,d02d338e32545d.jpg,908,681
 steering buttons,146,199,77,68,d02d338e32545d.jpg,908,681
music system,345,344,220,65,d02d338e32545d.jpg,908,681
gear lever,394,350,101,204,d073c9f7be7454.jpg,908,681
drive switching,491,481,99,99,d073c9f7be7454.jpg,908,681
 climate control,306,239,281,65,d073c9f7be7454.jpg,908,681
air blower,279,103,335,76,d073c9f7be7454.jpg,908,681
 steering buttons,123,165,79,74,d073c9f7be7454.jpg,908,681
display,317,25,273,99,d073c9f7be7454.jpg,908,681
music system,299,186,291,53,d073c9f7be7454.jpg,908,681
 steering buttons,590,233,152,133,d4fa108411d398.jpg,908,681
 steering buttons,200,227,144,128,d4fa108411d398.jpg,908,681
air blower,39,259,133,96,d4fa108411d398.jpg,908,681
air blower,753,259,155,94,d4fa108411d398.jpg,908,681
display,717,136,191,123,d4fa108411d398.jpg,908,681
 climate control,741,356,167,69,d4fa108411d398.jpg,908,681
light controller,67,354,155,72,d4fa108411d398.jpg,908,681
music system,731,429,177,87,d4fa108411d398.jpg,908,681
gear lever,401,295,64,127,d5e8a41c4968cb.jpg,908,681
drive switching,470,359,61,54,d5e8a41c4968cb.jpg,908,681
display,352,99,189,73,d5e8a41c4968cb.jpg,908,681
air blower,335,173,222,39,d5e8a41c4968cb.jpg,908,681
air blower,770,123,73,47,d5e8a41c4968cb.jpg,908,681
 climate control,328,252,231,60,d5e8a41c4968cb.jpg,908,681
 steering buttons,210,149,71,62,d5e8a41c4968cb.jpg,908,681
 steering buttons,43,142,75,70,d5e8a41c4968cb.jpg,908,681
 steering buttons,571,315,113,88,d8324d5347b592.jpg,908,681
 steering buttons,218,318,111,84,d8324d5347b592.jpg,908,681
air blower,77,228,125,97,d8324d5347b592.jpg,908,681
air blower,717,225,191,93,d8324d5347b592.jpg,908,681
 climate control,719,417,189,72,d8324d5347b592.jpg,908,681
display,702,81,206,146,d8324d5347b592.jpg,908,681
music system,725,324,183,72,d8324d5347b592.jpg,908,681
gear lever,580,424,116,177,d95c738d64c3b4.jpg,908,681
drive switching,714,536,107,82,d95c738d64c3b4.jpg,908,681
display,442,118,176,83,d95c738d64c3b4.jpg,908,681
air blower,479,200,213,54,d95c738d64c3b4.jpg,908,681
air blower,860,201,48,64,d95c738d64c3b4.jpg,908,681
 climate control,463,308,218,57,d95c738d64c3b4.jpg,908,681
 steering buttons,380,249,83,76,d95c738d64c3b4.jpg,908,681
music system,473,262,205,46,d95c738d64c3b4.jpg,908,681
 steering buttons,249,284,94,88,d9a990fa4d6ea1.jpg,908,681
 steering buttons,573,291,106,81,d9a990fa4d6ea1.jpg,908,681
display,746,50,162,144,d9a990fa4d6ea1.jpg,908,681
air blower,712,198,196,89,d9a990fa4d6ea1.jpg,908,681
air blower,90,194,136,81,d9a990fa4d6ea1.jpg,908,681
light controller,82,283,125,81,d9a990fa4d6ea1.jpg,908,681
 climate control,735,376,173,68,d9a990fa4d6ea1.jpg,908,681
music system,724,300,184,70,d9a990fa4d6ea1.jpg,908,681
 steering buttons,244,274,102,98,da9e6f0bc72b00.jpg,908,681
 steering buttons,593,276,107,93,da9e6f0bc72b00.jpg,908,681
air blower,65,254,142,146,da9e6f0bc72b00.jpg,908,681
air blower,760,295,148,101,da9e6f0bc72b00.jpg,908,681
 climate control,758,418,150,84,da9e6f0bc72b00.jpg,908,681
display,753,184,155,111,da9e6f0bc72b00.jpg,908,681
light controller,70,415,152,76,da9e6f0bc72b00.jpg,908,681
music system,760,497,148,92,da9e6f0bc72b00.jpg,908,681
light controller,77,369,159,86,db5c8fa557167d.jpg,908,681
air blower,68,264,175,83,db5c8fa557167d.jpg,908,681
air blower,690,277,218,73,db5c8fa557167d.jpg,908,681
display,681,179,227,106,db5c8fa557167d.jpg,908,681
 climate control,696,420,212,70,db5c8fa557167d.jpg,908,681
 steering buttons,552,320,131,86,db5c8fa557167d.jpg,908,681
 steering buttons,239,316,137,98,db5c8fa557167d.jpg,908,681
music system,696,360,212,58,db5c8fa557167d.jpg,908,681
gear lever,385,395,141,146,dc40611a865a80.jpg,908,681
drive switching,438,549,122,76,dc40611a865a80.jpg,908,681
 climate control,328,210,279,58,dc40611a865a80.jpg,908,681
air blower,288,133,347,78,dc40611a865a80.jpg,908,681
display,337,58,232,76,dc40611a865a80.jpg,908,681
 steering buttons,147,152,63,77,dc40611a865a80.jpg,908,681
music system,338,271,227,68,dc40611a865a80.jpg,908,681
gear lever,855,568,145,182,ddc82c34594552.jpg,1000,750
 climate control,735,419,265,61,ddc82c34594552.jpg,1000,750
air blower,712,279,288,79,ddc82c34594552.jpg,1000,750
air blower,172,304,132,73,ddc82c34594552.jpg,1000,750
light controller,180,384,115,90,ddc82c34594552.jpg,1000,750
display,717,177,283,90,ddc82c34594552.jpg,1000,750
 steering buttons,600,334,90,93,ddc82c34594552.jpg,1000,750
 steering buttons,321,347,76,93,ddc82c34594552.jpg,1000,750
music system,730,363,270,48,ddc82c34594552.jpg,1000,750
light controller,39,324,167,92,ddf08839dfa677.jpg,908,681
air blower,25,210,175,104,ddf08839dfa677.jpg,908,681
air blower,698,223,210,84,ddf08839dfa677.jpg,908,681
 steering buttons,221,307,128,86,ddf08839dfa677.jpg,908,681
 steering buttons,559,305,118,84,ddf08839dfa677.jpg,908,681
 climate control,726,373,182,74,ddf08839dfa677.jpg,908,681
music system,716,310,192,60,ddf08839dfa677.jpg,908,681
gear lever,701,378,197,226,dedb1270f9cfad.jpg,909,682
 climate control,667,204,165,98,dedb1270f9cfad.jpg,909,682
 steering buttons,530,229,107,86,dedb1270f9cfad.jpg,909,682
 steering buttons,247,296,96,101,dedb1270f9cfad.jpg,909,682
light controller,0,391,107,106,dedb1270f9cfad.jpg,909,682
air blower,0,286,122,103,dedb1270f9cfad.jpg,909,682
air blower,554,117,304,118,dedb1270f9cfad.jpg,909,682
display,511,3,286,156,dedb1270f9cfad.jpg,909,682
music system,661,282,150,91,dedb1270f9cfad.jpg,909,682
 climate control,740,361,168,82,e088550e2a7c32.jpg,908,681
air blower,715,191,193,96,e088550e2a7c32.jpg,908,681
air blower,74,179,138,91,e088550e2a7c32.jpg,908,681
display,761,76,147,113,e088550e2a7c32.jpg,908,681
 steering buttons,224,321,117,96,e088550e2a7c32.jpg,908,681
 steering buttons,585,320,103,98,e088550e2a7c32.jpg,908,681
light controller,72,278,121,107,e088550e2a7c32.jpg,908,681
music system,721,298,187,58,e088550e2a7c32.jpg,908,681
 steering buttons,199,276,113,106,e3da1bdeb4fb82.jpg,908,681
 steering buttons,605,281,98,103,e3da1bdeb4fb82.jpg,908,681
display,782,166,126,111,e3da1bdeb4fb82.jpg,908,681
air blower,775,274,133,99,e3da1bdeb4fb82.jpg,908,681
air blower,65,186,87,136,e3da1bdeb4fb82.jpg,908,681
 climate control,739,393,169,88,e3da1bdeb4fb82.jpg,908,681
 steering buttons,228,274,101,104,e4c2d594e683e4.jpg,908,681
 steering buttons,552,266,130,104,e4c2d594e683e4.jpg,908,681
light controller,87,320,111,77,e4c2d594e683e4.jpg,908,681
air blower,88,215,121,98,e4c2d594e683e4.jpg,908,681
air blower,700,245,208,104,e4c2d594e683e4.jpg,908,681
 climate control,721,448,187,112,e4c2d594e683e4.jpg,908,681
gear lever,361,412,122,204,e5d0ac59e0d209.jpg,908,681
drive switching,472,563,101,84,e5d0ac59e0d209.jpg,908,681
display,325,96,243,83,e5d0ac59e0d209.jpg,908,681
air blower,288,176,301,63,e5d0ac59e0d209.jpg,908,681
 climate control,298,292,263,53,e5d0ac59e0d209.jpg,908,681
 steering buttons,112,196,81,87,e5d0ac59e0d209.jpg,908,681
music system,294,246,271,43,e5d0ac59e0d209.jpg,908,681
 steering buttons,215,282,98,93,e6f8d665891628.jpg,908,681
 steering buttons,559,291,101,84,e6f8d665891628.jpg,908,681
air blower,715,274,193,118,e6f8d665891628.jpg,908,681
air blower,11,224,167,171,e6f8d665891628.jpg,908,681
display,726,157,182,117,e6f8d665891628.jpg,908,681
light controller,49,407,120,63,e6f8d665891628.jpg,908,681
 climate control,721,407,187,73,e6f8d665891628.jpg,908,681
music system,726,481,182,78,e6f8d665891628.jpg,908,681
air blower,26,204,164,166,e77c447c84f5ae.jpg,908,681
air blower,756,249,152,125,e77c447c84f5ae.jpg,908,681
light controller,46,385,149,72,e77c447c84f5ae.jpg,908,681
 steering buttons,233,283,98,94,e77c447c84f5ae.jpg,908,681
 steering buttons,586,274,116,104,e77c447c84f5ae.jpg,908,681
 climate control,758,386,150,74,e77c447c84f5ae.jpg,908,681
display,790,133,118,112,e77c447c84f5ae.jpg,908,681
music system,769,459,139,81,e77c447c84f5ae.jpg,908,681
display,343,74,262,88,e77ed4183e0117.jpg,908,681
air blower,274,157,380,84,e77ed4183e0117.jpg,908,681
 climate control,293,303,341,63,e77ed4183e0117.jpg,908,681
gear lever,376,428,142,205,e77ed4183e0117.jpg,908,681
drive switching,484,561,160,94,e77ed4183e0117.jpg,908,681
 steering buttons,121,215,84,99,e77ed4183e0117.jpg,908,681
music system,293,245,331,50,e77ed4183e0117.jpg,908,681
 steering buttons,102,144,101,89,e82f532642ed31.jpg,908,681
display,380,78,200,97,e82f532642ed31.jpg,908,681
air blower,302,174,380,73,e82f532642ed31.jpg,908,681
 climate control,303,326,385,94,e82f532642ed31.jpg,908,681
gear lever,404,388,117,218,e82f532642ed31.jpg,908,681
drive switching,530,486,111,96,e82f532642ed31.jpg,908,681
music system,303,254,373,60,e82f532642ed31.jpg,908,681
gear lever,340,458,104,191,e8a8a26557ca41.jpg,908,681
drive switching,452,561,93,69,e8a8a26557ca41.jpg,908,681
air blower,289,287,279,54,e8a8a26557ca41.jpg,908,681
display,289,199,287,86,e8a8a26557ca41.jpg,908,681
 climate control,272,414,273,62,e8a8a26557ca41.jpg,908,681
 steering buttons,89,257,88,82,e8a8a26557ca41.jpg,908,681
music system,274,350,282,55,e8a8a26557ca41.jpg,908,681
 steering buttons,182,264,138,126,ebc327c04c19f4.jpg,909,684
 steering buttons,596,250,133,148,ebc327c04c19f4.jpg,909,684
light controller,45,291,97,106,ebc327c04c19f4.jpg,909,684
air blower,58,202,114,81,ebc327c04c19f4.jpg,909,684
air blower,819,291,90,118,ebc327c04c19f4.jpg,909,684
 steering buttons,228,270,110,149,ebd4419e6e412e.jpg,910,683
 steering buttons,600,269,133,141,ebd4419e6e412e.jpg,910,683
air blower,763,207,147,116,ebd4419e6e412e.jpg,910,683
 climate control,748,429,162,124,ebd4419e6e412e.jpg,910,683
light controller,80,323,102,78,ebd4419e6e412e.jpg,910,683
music system,775,336,135,95,ebd4419e6e412e.jpg,910,683
 steering buttons,595,288,103,107,ebefa60899ed1b.jpg,908,681
 steering buttons,223,295,93,104,ebefa60899ed1b.jpg,908,681
display,750,99,158,131,ebefa60899ed1b.jpg,908,681
air blower,746,229,162,87,ebefa60899ed1b.jpg,908,681
 climate control,748,402,160,72,ebefa60899ed1b.jpg,908,681
air blower,12,224,166,117,ebefa60899ed1b.jpg,908,681
light controller,29,359,130,92,ebefa60899ed1b.jpg,908,681
music system,746,332,162,62,ebefa60899ed1b.jpg,908,681
 steering buttons,214,301,147,99,ecc4e4896430df.jpg,908,681
 steering buttons,555,295,155,118,ecc4e4896430df.jpg,908,681
air blower,760,281,148,110,ecc4e4896430df.jpg,908,681
 climate control,785,477,123,103,ecc4e4896430df.jpg,908,681
air blower,65,186,146,93,ecc4e4896430df.jpg,908,681
light controller,56,283,126,83,ecc4e4896430df.jpg,908,681
gear lever,345,456,117,161,f15c308889f624.jpg,908,681
drive switching,467,534,103,92,f15c308889f624.jpg,908,681
 climate control,265,391,340,68,f15c308889f624.jpg,908,681
air blower,263,248,354,70,f15c308889f624.jpg,908,681
display,276,161,312,87,f15c308889f624.jpg,908,681
 steering buttons,75,242,112,76,f15c308889f624.jpg,908,681
music system,268,322,335,58,f15c308889f624.jpg,908,681
 steering buttons,221,264,117,121,f2cfe43570c2fe.jpg,908,681
 steering buttons,568,257,131,104,f2cfe43570c2fe.jpg,908,681
display,756,137,152,120,f2cfe43570c2fe.jpg,908,681
air blower,758,264,150,89,f2cfe43570c2fe.jpg,908,681
 climate control,754,414,154,69,f2cfe43570c2fe.jpg,908,681
air blower,40,225,137,88,f2cfe43570c2fe.jpg,908,681
light controller,63,336,125,93,f2cfe43570c2fe.jpg,908,681
music system,766,491,142,89,f2cfe43570c2fe.jpg,908,681
gear lever,367,451,111,174,f40059f63c69cd.jpg,908,681
drive switching,501,583,137,72,f40059f63c69cd.jpg,908,681
 climate control,303,288,317,77,f40059f63c69cd.jpg,908,681
air blower,283,210,356,72,f40059f63c69cd.jpg,908,681
display,327,144,283,76,f40059f63c69cd.jpg,908,681
 steering buttons,87,150,136,106,f40059f63c69cd.jpg,908,681
music system,317,365,281,62,f40059f63c69cd.jpg,908,681
 steering buttons,160,234,112,130,f42fbf236056f3.jpg,908,681
 steering buttons,565,243,118,118,f42fbf236056f3.jpg,908,681
display,714,147,194,127,f42fbf236056f3.jpg,908,681
air blower,726,279,182,102,f42fbf236056f3.jpg,908,681
 climate control,693,531,215,92,f42fbf236056f3.jpg,908,681
air blower,51,196,86,87,f42fbf236056f3.jpg,908,681
light controller,36,286,88,70,f42fbf236056f3.jpg,908,681
music system,700,449,208,81,f42fbf236056f3.jpg,908,681
 steering buttons,601,240,136,127,f44e9f0b7e101f.jpg,909,682
 steering buttons,184,258,125,121,f44e9f0b7e101f.jpg,909,682
 climate control,760,498,149,107,f44e9f0b7e101f.jpg,909,682
air blower,798,265,111,116,f44e9f0b7e101f.jpg,909,682
air blower,19,261,115,93,f44e9f0b7e101f.jpg,909,682
light controller,48,366,90,88,f44e9f0b7e101f.jpg,909,682
music system,777,396,132,101,f44e9f0b7e101f.jpg,909,682
 climate control,298,232,322,70,f58b7d065d0cc4.jpg,908,681
air blower,286,97,357,82,f58b7d065d0cc4.jpg,908,681
display,342,8,238,97,f58b7d065d0cc4.jpg,908,681
gear lever,390,380,102,196,f58b7d065d0cc4.jpg,908,681
drive switching,492,526,93,87,f58b7d065d0cc4.jpg,908,681
 steering buttons,131,154,103,121,f58b7d065d0cc4.jpg,908,681
music system,308,181,296,48,f58b7d065d0cc4.jpg,908,681
 steering buttons,574,312,122,120,f69fea5e0d32fd.jpg,908,681
 steering buttons,205,295,147,142,f69fea5e0d32fd.jpg,908,681
display,726,99,182,132,f69fea5e0d32fd.jpg,908,681
air blower,734,225,174,96,f69fea5e0d32fd.jpg,908,681
 climate control,726,385,182,79,f69fea5e0d32fd.jpg,908,681
light controller,55,325,122,93,f69fea5e0d32fd.jpg,908,681
air blower,67,213,121,84,f69fea5e0d32fd.jpg,908,681
music system,721,321,187,64,f69fea5e0d32fd.jpg,908,681
 steering buttons,219,276,110,103,f78215412f0f2b.jpg,908,681
 steering buttons,565,267,106,108,f78215412f0f2b.jpg,908,681
display,724,185,184,117,f78215412f0f2b.jpg,908,681
air blower,731,306,177,92,f78215412f0f2b.jpg,908,681
 climate control,722,407,186,87,f78215412f0f2b.jpg,908,681
air blower,34,262,138,172,f78215412f0f2b.jpg,908,681
light controller,62,444,140,97,f78215412f0f2b.jpg,908,681
music system,753,491,155,88,f78215412f0f2b.jpg,908,681
 steering buttons,148,149,91,76,f86decf14cf787.jpg,908,681
display,288,86,317,82,f86decf14cf787.jpg,908,681
air blower,303,159,336,78,f86decf14cf787.jpg,908,681
 climate control,316,238,283,57,f86decf14cf787.jpg,908,681
gear lever,420,415,99,127,f86decf14cf787.jpg,908,681
drive switching,456,551,122,76,f86decf14cf787.jpg,908,681
music system,354,291,210,62,f86decf14cf787.jpg,908,681
 steering buttons,548,255,130,106,f8f6e1a068bbb8.jpg,909,682
 steering buttons,218,257,116,101,f8f6e1a068bbb8.jpg,909,682
 steering buttons,192,248,126,112,f96f6f5f366aa2.jpg,908,681
 steering buttons,575,234,154,106,f96f6f5f366aa2.jpg,908,681
air blower,743,300,165,98,f96f6f5f366aa2.jpg,908,681
 climate control,741,399,167,73,f96f6f5f366aa2.jpg,908,681
light controller,19,383,154,91,f96f6f5f366aa2.jpg,908,681
air blower,11,286,149,87,f96f6f5f366aa2.jpg,908,681
music system,754,472,154,77,f96f6f5f366aa2.jpg,908,681
 steering buttons,243,267,117,102,fab8e4567350a1.jpg,908,681
 steering buttons,564,259,126,116,fab8e4567350a1.jpg,908,681
display,779,106,129,113,fab8e4567350a1.jpg,908,681
air blower,721,234,187,73,fab8e4567350a1.jpg,908,681
 climate control,741,394,167,91,fab8e4567350a1.jpg,908,681
air blower,114,160,133,83,fab8e4567350a1.jpg,908,681
light controller,117,244,104,86,fab8e4567350a1.jpg,908,681
music system,726,312,182,78,fab8e4567350a1.jpg,908,681
gear lever,372,449,127,161,fb0f651a3e0810.jpg,908,681
 climate control,328,293,234,78,fb0f651a3e0810.jpg,908,681
drive switching,413,621,115,60,fb0f651a3e0810.jpg,908,681
display,316,139,257,72,fb0f651a3e0810.jpg,908,681
air blower,291,213,309,68,fb0f651a3e0810.jpg,908,681
 steering buttons,139,175,73,83,fb0f651a3e0810.jpg,908,681
music system,328,374,222,70,fb0f651a3e0810.jpg,908,681
 steering buttons,249,293,120,83,fbb1a396c9b058.jpg,908,681
 steering buttons,552,307,128,77,fbb1a396c9b058.jpg,908,681
display,707,140,201,115,fbb1a396c9b058.jpg,908,681
air blower,721,264,187,84,fbb1a396c9b058.jpg,908,681
 climate control,741,350,167,70,fbb1a396c9b058.jpg,908,681
music system,744,419,164,77,fbb1a396c9b058.jpg,908,681
gear lever,739,497,146,176,fc3c816e0150ec.jpg,908,681
 steering buttons,228,279,106,93,fc3c816e0150ec.jpg,908,681
 steering buttons,503,284,98,78,fc3c816e0150ec.jpg,908,681
 steering buttons,599,257,125,142,fc467f946fb4e5.jpg,908,681
 steering buttons,213,243,141,156,fc467f946fb4e5.jpg,908,681
air blower,770,232,138,125,fc467f946fb4e5.jpg,908,681
light controller,28,245,150,86,fc467f946fb4e5.jpg,908,681
air blower,62,147,132,96,fc467f946fb4e5.jpg,908,681
 climate control,802,439,106,94,fc467f946fb4e5.jpg,908,681
music system,769,356,139,84,fc467f946fb4e5.jpg,908,681
 steering buttons,177,253,133,122,ffc7fdf617b7e5.jpg,908,681
 steering buttons,549,254,112,131,ffc7fdf617b7e5.jpg,908,681
display,711,157,195,130,ffc7fdf617b7e5.jpg,908,681
air blower,717,293,190,99,ffc7fdf617b7e5.jpg,908,681
 climate control,703,539,205,88,ffc7fdf617b7e5.jpg,908,681
air blower,50,179,145,91,ffc7fdf617b7e5.jpg,908,681
light controller,39,266,127,89,ffc7fdf617b7e5.jpg,908,681
music system,696,454,212,86,ffc7fdf617b7e5.jpg,908,681